Order_ID,Order_Date,Delivery_Date,Product_Name,Category,Supplier,Warehouse,Region,Quantity,Unit_Price,Shipping_Cost,Inventory_Level,Revenue,Profit,Delivery_Status
ORD-10000,2023-01-01,2023-01-05,Organic Coffee,Grocery,FreshFoods,Warehouse A,South,10,30.33,8.0,314,303.34,20.27,On Time
ORD-10001,2023-01-01,2023-01-04,Bulk Almonds,Grocery,FreshFoods,Warehouse C,East,12,32.32,8.0,123,387.86,27.03,On Time
ORD-10002,2023-01-02,2023-01-07,Winter Jacket,Clothing,Vogue Apparel,Warehouse C,West,3,92.16,12.0,131,276.48,104.59,On Time
ORD-10003,2023-01-02,2023-01-03,Running Shoes,Clothing,Vogue Apparel,Warehouse B,South,4,129.2,12.0,33,516.78,200.71,On Time
ORD-10004,2023-01-02,2023-01-07,Bookshelf,Furniture,TimberCraft,Warehouse B,North,1,288.13,112.5,151,288.13,1.38,On Time
ORD-10005,2023-01-02,2023-01-06,Bulk Almonds,Grocery,FreshFoods,Warehouse B,North,12,26.5,12.0,3,318.06,19.44,On Time
ORD-10006,2023-01-02,2023-01-06,Wireless Earbuds,Electronics,TechCorp,Warehouse A,East,1,923.4,25.0,74,923.4,310.69,On Time
ORD-10007,2023-01-03,2023-01-19,Running Shoes,Clothing,Vogue Apparel,Warehouse B,East,4,124.65,12.0,324,498.59,193.44,Critical Delay
ORD-10008,2023-01-03,2023-01-07,Organic Coffee,Grocery,FreshFoods,Warehouse C,East,11,15.9,8.0,338,174.88,9.99,On Time
ORD-10009,2023-01-04,2023-01-08,4K Monitor,Electronics,TechCorp,Warehouse C,West,2,933.62,25.0,217,1867.23,641.03,On Time
ORD-10010,2023-01-04,2023-01-20,Denim Jeans,Clothing,Vogue Apparel,Warehouse B,North,3,129.17,18.0,109,387.52,146.01,Critical Delay
ORD-10011,2023-01-05,2023-01-08,Office Chair,Furniture,TimberCraft,Warehouse B,North,2,334.59,112.5,384,669.18,77.59,On Time
ORD-10012,2023-01-05,2023-01-10,Ergonomic Desk,Furniture,TimberCraft,Warehouse C,South,1,436.77,75.0,93,436.77,49.85,On Time
ORD-10013,2023-01-06,2023-01-21,Energy Drinks,Grocery,FreshFoods,Warehouse B,East,7,46.16,8.0,345,323.1,21.85,Critical Delay
ORD-10014,2023-01-07,2023-01-11,Bulk Almonds,Grocery,FreshFoods,Warehouse A,East,14,21.31,8.0,182,298.34,19.87,On Time
ORD-10015,2023-01-07,2023-01-23,Energy Drinks,Grocery,FreshFoods,Warehouse B,West,10,27.99,8.0,203,279.9,18.39,Critical Delay
ORD-10016,2023-01-07,2023-01-20,Denim Jeans,Clothing,Vogue Apparel,Warehouse B,North,2,65.15,18.0,222,130.31,43.12,Critical Delay
ORD-10017,2023-01-08,2023-01-15,Ergonomic Desk,Furniture,TimberCraft,Warehouse B,West,1,297.79,75.0,150,297.79,22.06,Delayed
ORD-10018,2023-01-09,2023-01-10,Winter Jacket,Clothing,Vogue Apparel,Warehouse A,West,2,34.83,12.0,346,69.66,21.86,On Time
ORD-10019,2023-01-09,2023-01-11,Running Shoes,Clothing,Vogue Apparel,Warehouse A,North,1,90.53,18.0,217,90.53,27.21,On Time
ORD-10020,2023-01-10,2023-01-14,Winter Jacket,Clothing,Vogue Apparel,Warehouse A,North,2,106.97,18.0,144,213.95,76.58,On Time
ORD-10021,2023-01-10,2023-01-15,Wireless Earbuds,Electronics,TechCorp,Warehouse C,South,3,1178.06,25.0,51,3534.19,1224.47,On Time
ORD-10022,2023-01-10,2023-01-25,Wireless Earbuds,Electronics,TechCorp,Warehouse B,North,1,217.95,37.5,135,217.95,57.53,Critical Delay
ORD-10023,2023-01-11,2023-01-13,Denim Jeans,Clothing,Vogue Apparel,Warehouse A,East,3,91.83,12.0,116,275.48,104.19,On Time
ORD-10024,2023-01-11,2023-01-27,Winter Jacket,Clothing,Vogue Apparel,Warehouse B,North,3,71.66,18.0,326,214.98,76.99,Critical Delay
ORD-10025,2023-01-11,2023-01-13,Smartphone X,Electronics,TechCorp,Warehouse A,South,3,476.44,25.0,257,1429.33,487.77,On Time
ORD-10026,2023-01-11,2023-01-14,4K Monitor,Electronics,TechCorp,Warehouse B,East,1,813.47,25.0,133,813.47,272.21,On Time
ORD-10027,2023-01-12,2023-01-15,Laptop Pro,Electronics,TechCorp,Warehouse B,North,3,932.64,37.5,385,2797.91,960.52,On Time
ORD-10028,2023-01-12,2023-01-16,Energy Drinks,Grocery,FreshFoods,Warehouse A,South,9,29.41,8.0,279,264.73,17.18,On Time
ORD-10029,2023-01-12,2023-01-16,Smart Watch Band,Accessories,Apex Goods,Warehouse C,South,3,109.29,12.0,300,327.88,141.55,On Time
ORD-10030,2023-01-12,2023-01-15,Leather Wallet,Accessories,Apex Goods,Warehouse B,North,1,63.79,18.0,153,63.79,19.71,On Time
ORD-10031,2023-01-13,2023-01-15,Leather Wallet,Accessories,Apex Goods,Warehouse A,West,3,53.06,12.0,305,159.19,65.64,On Time
ORD-10032,2023-01-14,2023-01-16,Laptop Pro,Electronics,TechCorp,Warehouse B,North,2,439.87,37.5,357,879.75,289.16,On Time
ORD-10033,2023-01-14,2023-01-19,Winter Jacket,Clothing,Vogue Apparel,Warehouse A,East,3,124.81,12.0,231,374.42,143.77,On Time
ORD-10034,2023-01-14,2023-01-17,Energy Drinks,Grocery,FreshFoods,Warehouse B,North,13,17.0,12.0,266,220.94,11.68,On Time
ORD-10035,2023-01-15,2023-01-19,Denim Jeans,Clothing,Vogue Apparel,Warehouse B,North,5,119.21,18.0,161,596.05,229.42,On Time
ORD-10036,2023-01-15,2023-01-19,Energy Drinks,Grocery,FreshFoods,Warehouse A,East,5,20.41,8.0,1,102.06,4.16,On Time
ORD-10037,2023-01-16,2023-01-18,Bookshelf,Furniture,TimberCraft,Warehouse B,North,2,144.29,112.5,363,288.58,-43.29,On Time
ORD-10038,2023-01-17,2023-01-30,4K Monitor,Electronics,TechCorp,Warehouse B,East,3,1026.04,25.0,192,3078.12,1064.84,Critical Delay
ORD-10039,2023-01-17,2023-01-31,Running Shoes,Clothing,Vogue Apparel,Warehouse B,East,4,35.63,12.0,305,142.53,51.01,Critical Delay
ORD-10040,2023-01-17,2023-01-20,Bookshelf,Furniture,TimberCraft,Warehouse A,West,2,190.54,75.0,215,381.08,38.72,On Time
ORD-10041,2023-01-18,2023-01-23,Leather Wallet,Accessories,Apex Goods,Warehouse A,West,1,97.12,12.0,274,97.12,37.7,On Time
ORD-10042,2023-01-18,2023-01-25,Energy Drinks,Grocery,FreshFoods,Warehouse B,North,6,49.82,12.0,323,298.91,17.91,Delayed
ORD-10043,2023-01-19,2023-01-23,Energy Drinks,Grocery,FreshFoods,Warehouse A,South,12,43.17,8.0,6,518.06,37.44,On Time
ORD-10044,2023-01-20,2023-01-25,Leather Wallet,Accessories,Apex Goods,Warehouse C,South,4,64.31,12.0,251,257.22,109.75,On Time
ORD-10045,2023-01-21,2023-01-26,Energy Drinks,Grocery,FreshFoods,Warehouse A,East,11,19.5,8.0,95,214.47,13.16,On Time
ORD-10046,2023-01-21,2023-02-02,Smart Watch Band,Accessories,Apex Goods,Warehouse B,North,1,116.67,18.0,281,116.67,43.5,Critical Delay
ORD-10047,2023-01-21,2023-01-24,Laptop Pro,Electronics,TechCorp,Warehouse B,North,1,650.47,37.5,161,650.47,208.91,On Time
ORD-10048,2023-01-21,2023-01-25,Running Shoes,Clothing,Vogue Apparel,Warehouse A,East,1,131.04,12.0,62,131.04,46.42,On Time
ORD-10049,2023-01-21,2023-01-22,Laptop Pro,Electronics,TechCorp,Warehouse B,North,2,418.51,37.5,252,837.02,274.21,On Time
ORD-10050,2023-01-22,2023-01-25,Bookshelf,Furniture,TimberCraft,Warehouse A,West,1,451.95,75.0,211,451.95,52.89,On Time
ORD-10051,2023-01-22,2023-01-26,Wireless Earbuds,Electronics,TechCorp,Warehouse C,South,3,365.2,25.0,128,1095.61,370.96,On Time
ORD-10052,2023-01-22,2023-01-23,Bulk Almonds,Grocery,FreshFoods,Warehouse B,North,13,38.86,12.0,6,505.12,34.41,On Time
ORD-10053,2023-01-23,2023-02-08,Energy Drinks,Grocery,FreshFoods,Warehouse B,North,9,36.51,12.0,103,328.56,20.28,Critical Delay
ORD-10054,2023-01-23,2023-01-31,Bookshelf,Furniture,TimberCraft,Warehouse B,East,2,358.44,75.0,350,716.88,105.88,Delayed
ORD-10055,2023-01-24,2023-01-27,4K Monitor,Electronics,TechCorp,Warehouse B,North,3,923.97,37.5,112,2771.92,951.42,On Time
ORD-10056,2023-01-25,2023-01-30,4K Monitor,Electronics,TechCorp,Warehouse B,North,3,648.85,37.5,376,1946.56,662.55,On Time
ORD-10057,2023-01-25,2023-01-30,Wireless Earbuds,Electronics,TechCorp,Warehouse A,South,2,1045.6,25.0,118,2091.21,719.42,On Time
ORD-10058,2023-01-25,2023-01-26,Office Chair,Furniture,TimberCraft,Warehouse B,North,1,253.7,112.5,354,253.7,-5.51,On Time
ORD-10059,2023-01-27,2023-02-07,Bookshelf,Furniture,TimberCraft,Warehouse B,East,2,340.43,75.0,186,680.86,98.67,Critical Delay
ORD-10060,2023-01-27,2023-02-08,Energy Drinks,Grocery,FreshFoods,Warehouse B,North,14,16.18,12.0,145,226.5,12.12,Critical Delay
ORD-10061,2023-01-28,2023-01-31,Organic Coffee,Grocery,FreshFoods,Warehouse B,South,5,14.21,8.0,395,71.05,1.68,On Time
ORD-10062,2023-01-28,2023-02-08,4K Monitor,Electronics,TechCorp,Warehouse B,North,2,587.99,37.5,281,1175.97,392.84,Critical Delay
ORD-10063,2023-01-28,2023-02-01,Ergonomic Desk,Furniture,TimberCraft,Warehouse A,West,1,482.37,75.0,153,482.37,58.97,On Time
ORD-10064,2023-01-29,2023-02-02,Leather Wallet,Accessories,Apex Goods,Warehouse A,South,4,98.89,12.0,243,395.58,-59.34,On Time
ORD-10065,2023-01-29,2023-01-31,Backpack,Accessories,Apex Goods,Warehouse A,South,5,41.88,12.0,61,209.42,88.24,On Time
ORD-10066,2023-01-29,2023-02-12,Office Chair,Furniture,TimberCraft,Warehouse B,North,1,370.95,112.5,378,370.95,17.94,Critical Delay
ORD-10067,2023-01-29,2023-01-30,Smart Watch Band,Accessories,Apex Goods,Warehouse B,North,3,121.71,18.0,123,365.13,155.31,On Time
ORD-10068,2023-01-29,2023-02-03,Winter Jacket,Clothing,Vogue Apparel,Warehouse A,East,3,112.42,12.0,110,337.25,128.9,On Time
ORD-10069,2023-01-29,2023-01-30,Running Shoes,Clothing,Vogue Apparel,Warehouse C,South,3,36.98,12.0,24,110.95,38.38,On Time
ORD-10070,2023-02-01,2023-02-03,Bulk Almonds,Grocery,FreshFoods,Warehouse B,South,7,15.95,8.0,3,111.66,4.93,On Time
ORD-10071,2023-02-03,2023-02-08,Denim Jeans,Clothing,Vogue Apparel,Warehouse C,East,1,98.75,12.0,198,98.75,33.5,On Time
ORD-10072,2023-02-03,2023-02-04,Smart Watch Band,Accessories,Apex Goods,Warehouse C,South,4,119.39,12.0,182,477.55,208.9,On Time
ORD-10073,2023-02-03,2023-02-16,Laptop Pro,Electronics,TechCorp,Warehouse B,North,3,1093.09,37.5,342,3279.27,1128.99,Critical Delay
ORD-10074,2023-02-04,2023-02-09,Wireless Earbuds,Electronics,TechCorp,Warehouse A,South,2,922.71,25.0,339,1845.41,633.39,On Time
ORD-10075,2023-02-04,2023-02-06,Office Chair,Furniture,TimberCraft,Warehouse C,West,1,482.98,75.0,389,482.98,59.1,On Time
ORD-10076,2023-02-04,2023-02-09,Organic Coffee,Grocery,FreshFoods,Warehouse B,North,9,23.67,12.0,7,213.04,11.04,On Time
ORD-10077,2023-02-05,2023-02-08,Bulk Almonds,Grocery,FreshFoods,Warehouse C,West,11,14.18,8.0,3,155.94,8.48,On Time
ORD-10078,2023-02-05,2023-02-18,Ergonomic Desk,Furniture,TimberCraft,Warehouse B,North,1,379.1,112.5,142,379.1,19.57,Critical Delay
ORD-10079,2023-02-05,2023-02-08,Bulk Almonds,Grocery,FreshFoods,Warehouse B,North,12,12.92,12.0,314,154.99,6.4,On Time
ORD-10080,2023-02-06,2023-02-11,Backpack,Accessories,Apex Goods,Warehouse C,South,5,61.79,12.0,252,308.97,133.04,On Time
ORD-10081,2023-02-06,2023-02-08,Laptop Pro,Electronics,TechCorp,Warehouse B,North,1,322.92,37.5,51,322.92,94.27,On Time
ORD-10082,2023-02-06,2023-02-19,Bulk Almonds,Grocery,FreshFoods,Warehouse B,North,8,28.53,12.0,49,228.22,12.26,Critical Delay
ORD-10083,2023-02-07,2023-02-08,Bulk Almonds,Grocery,FreshFoods,Warehouse C,South,12,45.28,8.0,0,543.36,39.47,On Time
ORD-10084,2023-02-07,2023-02-09,Wireless Earbuds,Electronics,TechCorp,Warehouse B,South,2,476.17,25.0,107,952.34,320.82,On Time
ORD-10085,2023-02-08,2023-02-12,Bookshelf,Furniture,TimberCraft,Warehouse A,West,1,430.69,75.0,181,430.69,48.64,On Time
ORD-10086,2023-02-08,2023-02-10,Winter Jacket,Clothing,Vogue Apparel,Warehouse C,West,4,74.91,12.0,205,299.64,113.86,On Time
ORD-10087,2023-02-08,2023-02-13,Denim Jeans,Clothing,Vogue Apparel,Warehouse A,West,5,20.57,12.0,32,102.84,35.14,On Time
ORD-10088,2023-02-08,2023-02-12,Smart Watch Band,Accessories,Apex Goods,Warehouse A,East,1,142.72,12.0,230,142.72,58.22,On Time
ORD-10089,2023-02-09,2023-02-22,Smart Watch Band,Accessories,Apex Goods,Warehouse B,North,1,85.05,18.0,165,85.05,29.27,Critical Delay
ORD-10090,2023-02-09,2023-02-14,Energy Drinks,Grocery,FreshFoods,Warehouse A,South,13,38.79,8.0,119,504.22,36.34,On Time
ORD-10091,2023-02-10,2023-02-14,Energy Drinks,Grocery,FreshFoods,Warehouse B,North,7,15.03,12.0,168,105.2,2.42,On Time
ORD-10092,2023-02-10,2023-02-15,4K Monitor,Electronics,TechCorp,Warehouse C,West,1,866.87,25.0,157,866.87,290.9,On Time
ORD-10093,2023-02-10,2023-02-14,Ergonomic Desk,Furniture,TimberCraft,Warehouse B,West,2,251.64,75.0,356,503.28,63.16,On Time
ORD-10094,2023-02-11,2023-02-13,Laptop Pro,Electronics,TechCorp,Warehouse B,East,1,1106.07,25.0,247,1106.07,374.62,On Time
ORD-10095,2023-02-11,2023-02-26,Energy Drinks,Grocery,FreshFoods,Warehouse B,North,14,18.79,12.0,189,263.09,15.05,Critical Delay
ORD-10096,2023-02-11,2023-02-28,Laptop Pro,Electronics,TechCorp,Warehouse B,North,3,541.8,37.5,263,1625.41,550.14,Critical Delay
ORD-10097,2023-02-12,2023-02-15,Energy Drinks,Grocery,FreshFoods,Warehouse C,South,12,10.94,8.0,64,131.33,6.51,On Time
ORD-10098,2023-02-12,2023-02-16,Office Chair,Furniture,TimberCraft,Warehouse B,North,1,341.32,112.5,237,341.32,12.01,On Time
ORD-10099,2023-02-12,2023-02-15,Smart Watch Band,Accessories,Apex Goods,Warehouse B,East,4,145.16,12.0,36,580.64,255.29,On Time
ORD-10100,2023-02-12,2023-02-16,Bulk Almonds,Grocery,FreshFoods,Warehouse A,West,7,22.61,8.0,379,158.24,8.66,On Time
ORD-10101,2023-02-16,2023-02-17,Ergonomic Desk,Furniture,TimberCraft,Warehouse C,East,2,238.08,75.0,207,476.15,57.73,On Time
ORD-10102,2023-02-16,2023-02-23,Backpack,Accessories,Apex Goods,Warehouse B,East,5,39.15,12.0,380,195.75,82.09,Delayed
ORD-10103,2023-02-16,2023-02-18,Leather Wallet,Accessories,Apex Goods,Warehouse C,South,5,143.38,12.0,81,716.9,316.61,On Time
ORD-10104,2023-02-16,2023-02-20,Denim Jeans,Clothing,Vogue Apparel,Warehouse B,North,5,41.55,18.0,254,207.74,74.1,On Time
ORD-10105,2023-02-16,2023-02-20,Smart Watch Band,Accessories,Apex Goods,Warehouse C,East,1,51.46,12.0,374,51.46,17.16,On Time
ORD-10106,2023-02-17,2023-03-01,Backpack,Accessories,Apex Goods,Warehouse B,East,3,94.04,12.0,293,282.12,120.95,Critical Delay
ORD-10107,2023-02-19,2023-02-21,Organic Coffee,Grocery,FreshFoods,Warehouse C,West,6,46.32,8.0,355,277.9,18.23,On Time
ORD-10108,2023-02-20,2023-02-23,Backpack,Accessories,Apex Goods,Warehouse B,South,1,113.38,12.0,100,113.38,45.02,On Time
ORD-10109,2023-02-20,2023-02-23,Organic Coffee,Grocery,FreshFoods,Warehouse A,West,9,10.36,8.0,274,93.25,3.46,On Time
ORD-10110,2023-02-20,2023-02-21,4K Monitor,Electronics,TechCorp,Warehouse B,West,3,928.86,25.0,174,2786.58,962.8,On Time
ORD-10111,2023-02-20,2023-02-21,Backpack,Accessories,Apex Goods,Warehouse A,North,3,71.72,18.0,148,215.16,87.82,On Time
ORD-10112,2023-02-22,2023-02-24,Bulk Almonds,Grocery,FreshFoods,Warehouse A,South,5,46.74,8.0,36,233.69,14.7,On Time
ORD-10113,2023-02-23,2023-02-25,Smart Watch Band,Accessories,Apex Goods,Warehouse A,South,1,74.03,12.0,77,74.03,27.31,On Time
ORD-10114,2023-02-23,2023-02-25,Smart Watch Band,Accessories,Apex Goods,Warehouse B,North,5,117.73,18.0,297,588.65,-88.3,On Time
ORD-10115,2023-02-24,2023-02-27,Smartphone X,Electronics,TechCorp,Warehouse C,South,3,780.09,25.0,390,2340.27,806.59,On Time
ORD-10116,2023-02-24,2023-02-26,4K Monitor,Electronics,TechCorp,Warehouse C,South,1,1045.85,25.0,151,1045.85,353.55,On Time
ORD-10117,2023-02-24,2023-02-28,Leather Wallet,Accessories,Apex Goods,Warehouse A,South,3,53.19,12.0,65,159.57,65.81,On Time
ORD-10118,2023-02-24,2023-03-01,Energy Drinks,Grocery,FreshFoods,Warehouse B,South,5,45.18,8.0,59,225.9,14.07,On Time
ORD-10119,2023-02-25,2023-03-02,Bulk Almonds,Grocery,FreshFoods,Warehouse C,South,11,45.04,8.0,384,495.39,35.63,On Time
ORD-10120,2023-02-27,2023-02-28,Ergonomic Desk,Furniture,TimberCraft,Warehouse A,South,2,336.17,75.0,376,672.34,96.97,On Time
ORD-10121,2023-02-27,2023-03-02,Leather Wallet,Accessories,Apex Goods,Warehouse B,North,3,76.87,18.0,351,230.62,94.78,On Time
ORD-10122,2023-02-28,2023-03-01,Bulk Almonds,Grocery,FreshFoods,Warehouse C,West,9,22.12,8.0,225,199.06,11.92,On Time
ORD-10123,2023-03-02,2023-03-15,Bookshelf,Furniture,TimberCraft,Warehouse B,West,2,188.2,75.0,168,376.39,37.78,Critical Delay
ORD-10124,2023-03-02,2023-03-03,Running Shoes,Clothing,Vogue Apparel,Warehouse C,East,1,121.48,12.0,29,121.48,42.59,On Time
ORD-10125,2023-03-02,2023-03-03,Ergonomic Desk,Furniture,TimberCraft,Warehouse C,West,1,151.98,75.0,340,151.98,-7.1,On Time
ORD-10126,2023-03-03,2023-03-04,Smartphone X,Electronics,TechCorp,Warehouse C,West,3,359.03,25.0,398,1077.08,364.48,On Time
ORD-10127,2023-03-03,2023-03-08,Laptop Pro,Electronics,TechCorp,Warehouse A,North,3,474.07,37.5,92,1422.21,479.02,On Time
ORD-10128,2023-03-04,2023-03-09,4K Monitor,Electronics,TechCorp,Warehouse A,East,1,318.87,25.0,194,318.87,99.1,On Time
ORD-10129,2023-03-04,2023-03-07,Backpack,Accessories,Apex Goods,Warehouse C,South,4,41.19,12.0,358,164.78,68.15,On Time
ORD-10130,2023-03-06,2023-03-07,Bulk Almonds,Grocery,FreshFoods,Warehouse B,North,11,43.73,12.0,358,481.04,32.48,On Time
ORD-10131,2023-03-06,2023-03-10,Denim Jeans,Clothing,Vogue Apparel,Warehouse A,South,5,82.69,12.0,166,413.47,159.39,On Time
ORD-10132,2023-03-07,2023-03-10,Smartphone X,Electronics,TechCorp,Warehouse A,West,3,877.15,25.0,41,2631.46,908.51,On Time
ORD-10133,2023-03-08,2023-03-19,Denim Jeans,Clothing,Vogue Apparel,Warehouse B,North,3,94.33,18.0,347,282.98,104.19,Critical Delay
ORD-10134,2023-03-08,2023-03-11,Office Chair,Furniture,TimberCraft,Warehouse A,South,1,233.62,75.0,88,233.62,9.22,On Time
ORD-10135,2023-03-10,2023-03-14,Office Chair,Furniture,TimberCraft,Warehouse B,North,2,232.98,112.5,186,465.96,36.94,On Time
ORD-10136,2023-03-10,2023-03-12,Bulk Almonds,Grocery,FreshFoods,Warehouse C,East,10,41.24,8.0,299,412.4,28.99,On Time
ORD-10137,2023-03-10,2023-03-15,Backpack,Accessories,Apex Goods,Warehouse B,West,1,87.43,12.0,77,87.43,33.34,On Time
ORD-10138,2023-03-13,2023-03-15,Winter Jacket,Clothing,Vogue Apparel,Warehouse B,North,4,65.05,18.0,285,260.19,95.08,On Time
ORD-10139,2023-03-14,2023-03-26,Office Chair,Furniture,TimberCraft,Warehouse B,North,1,157.58,112.5,176,157.58,-24.73,Critical Delay
ORD-10140,2023-03-14,2023-03-17,Energy Drinks,Grocery,FreshFoods,Warehouse C,South,9,32.14,8.0,226,289.22,-43.38,On Time
ORD-10141,2023-03-14,2023-03-31,Organic Coffee,Grocery,FreshFoods,Warehouse B,East,6,31.03,8.0,173,186.18,10.89,Critical Delay
ORD-10142,2023-03-16,2023-03-20,Bulk Almonds,Grocery,FreshFoods,Warehouse C,West,13,35.01,8.0,320,455.11,32.41,On Time
ORD-10143,2023-03-16,2023-03-17,Leather Wallet,Accessories,Apex Goods,Warehouse C,South,1,48.66,12.0,125,48.66,15.9,On Time
ORD-10144,2023-03-16,2023-03-20,Denim Jeans,Clothing,Vogue Apparel,Warehouse B,East,5,135.71,12.0,386,678.54,265.42,On Time
ORD-10145,2023-03-16,2023-03-17,Organic Coffee,Grocery,FreshFoods,Warehouse B,North,13,31.88,12.0,187,414.38,27.15,On Time
ORD-10146,2023-03-17,2023-03-20,Laptop Pro,Electronics,TechCorp,Warehouse C,West,1,414.41,25.0,309,414.41,132.54,On Time
ORD-10147,2023-03-19,2023-03-21,Winter Jacket,Clothing,Vogue Apparel,Warehouse B,East,2,107.47,12.0,157,214.95,79.98,On Time
ORD-10148,2023-03-19,2023-03-22,Bulk Almonds,Grocery,FreshFoods,Warehouse A,West,10,25.9,8.0,257,258.98,16.72,On Time
ORD-10149,2023-03-20,2023-03-25,Bulk Almonds,Grocery,FreshFoods,Warehouse A,South,11,41.99,8.0,201,461.88,32.95,On Time
ORD-10150,2023-03-20,2023-03-23,Bulk Almonds,Grocery,FreshFoods,Warehouse A,East,10,35.21,8.0,271,352.1,24.17,On Time
ORD-10151,2023-03-21,2023-03-26,Backpack,Accessories,Apex Goods,Warehouse B,North,2,122.06,18.0,279,244.13,-36.62,On Time
ORD-10152,2023-03-22,2023-04-02,4K Monitor,Electronics,TechCorp,Warehouse B,North,2,609.67,37.5,121,1219.34,408.02,Critical Delay
ORD-10153,2023-03-23,2023-03-27,Energy Drinks,Grocery,FreshFoods,Warehouse B,West,8,38.82,8.0,148,310.58,20.85,On Time
ORD-10154,2023-03-23,2023-03-28,Winter Jacket,Clothing,Vogue Apparel,Warehouse A,East,2,116.53,12.0,172,233.06,87.22,On Time
ORD-10155,2023-03-24,2023-03-25,Office Chair,Furniture,TimberCraft,Warehouse A,West,2,241.77,75.0,355,483.54,59.21,On Time
ORD-10156,2023-03-24,2023-03-29,Bookshelf,Furniture,TimberCraft,Warehouse B,West,1,431.55,75.0,137,431.55,48.81,On Time
ORD-10157,2023-03-25,2023-03-30,Bulk Almonds,Grocery,FreshFoods,Warehouse C,West,10,27.57,8.0,106,275.68,18.05,On Time
ORD-10158,2023-03-26,2023-03-28,Organic Coffee,Grocery,FreshFoods,Warehouse C,South,12,16.61,8.0,127,199.34,11.95,On Time
ORD-10159,2023-03-27,2023-03-29,Ergonomic Desk,Furniture,TimberCraft,Warehouse B,South,2,265.68,75.0,141,531.36,68.77,On Time
ORD-10160,2023-03-27,2023-03-30,Denim Jeans,Clothing,Vogue Apparel,Warehouse B,North,3,51.9,18.0,171,155.69,53.28,On Time
ORD-10161,2023-03-28,2023-03-31,Denim Jeans,Clothing,Vogue Apparel,Warehouse C,South,2,110.54,12.0,373,221.07,82.43,On Time
ORD-10162,2023-03-28,2023-04-02,Denim Jeans,Clothing,Vogue Apparel,Warehouse A,East,1,35.0,12.0,336,35.0,8.0,On Time
ORD-10163,2023-03-28,2023-03-30,Denim Jeans,Clothing,Vogue Apparel,Warehouse A,West,2,34.86,12.0,26,69.71,21.88,On Time
ORD-10164,2023-03-28,2023-04-02,Running Shoes,Clothing,Vogue Apparel,Warehouse A,South,1,123.06,12.0,226,123.06,43.22,On Time
ORD-10165,2023-03-29,2023-03-30,Bulk Almonds,Grocery,FreshFoods,Warehouse A,East,12,38.94,8.0,105,467.25,33.38,On Time
ORD-10166,2023-03-29,2023-04-13,Running Shoes,Clothing,Vogue Apparel,Warehouse B,North,3,86.37,18.0,290,259.12,94.65,Critical Delay
ORD-10167,2023-03-30,2023-03-31,Bulk Almonds,Grocery,FreshFoods,Warehouse B,West,13,29.17,8.0,135,379.22,26.34,On Time
ORD-10168,2023-03-31,2023-04-12,Denim Jeans,Clothing,Vogue Apparel,Warehouse B,South,5,50.1,12.0,240,250.51,94.2,Critical Delay
ORD-10169,2023-03-31,2023-04-03,Bulk Almonds,Grocery,FreshFoods,Warehouse C,East,8,24.98,8.0,115,199.83,11.99,On Time
ORD-10170,2023-03-31,2023-04-01,Ergonomic Desk,Furniture,TimberCraft,Warehouse A,West,2,102.13,75.0,226,204.25,3.35,On Time
ORD-10171,2023-03-31,2023-04-17,Winter Jacket,Clothing,Vogue Apparel,Warehouse B,South,2,87.74,12.0,374,175.48,64.19,Critical Delay
ORD-10172,2023-03-31,2023-04-02,Laptop Pro,Electronics,TechCorp,Warehouse A,North,3,358.68,37.5,296,1076.04,357.86,On Time
ORD-10173,2023-04-01,2023-04-18,Backpack,Accessories,Apex Goods,Warehouse B,East,2,40.34,12.0,286,80.68,30.31,Critical Delay
ORD-10174,2023-04-02,2023-04-06,Smart Watch Band,Accessories,Apex Goods,Warehouse B,West,1,44.43,12.0,197,44.43,13.99,On Time
ORD-10175,2023-04-02,2023-04-07,Running Shoes,Clothing,Vogue Apparel,Warehouse A,West,3,110.01,12.0,241,330.02,126.01,On Time
ORD-10176,2023-04-02,2023-04-04,Office Chair,Furniture,TimberCraft,Warehouse B,North,1,211.38,112.5,297,211.38,-13.97,On Time
ORD-10177,2023-04-02,2023-04-06,Energy Drinks,Grocery,FreshFoods,Warehouse C,East,8,17.51,8.0,180,140.07,7.21,On Time
ORD-10178,2023-04-02,2023-04-04,Wireless Earbuds,Electronics,TechCorp,Warehouse B,South,3,615.24,25.0,335,1845.72,633.5,On Time
ORD-10179,2023-04-03,2023-04-06,Denim Jeans,Clothing,Vogue Apparel,Warehouse B,North,5,137.12,18.0,277,685.62,265.25,On Time
ORD-10180,2023-04-03,2023-04-08,Energy Drinks,Grocery,FreshFoods,Warehouse C,West,14,47.34,8.0,370,662.8,-99.42,On Time
ORD-10181,2023-04-04,2023-04-09,Bookshelf,Furniture,TimberCraft,Warehouse C,West,2,439.67,75.0,323,879.34,138.37,On Time
ORD-10182,2023-04-05,2023-04-07,Wireless Earbuds,Electronics,TechCorp,Warehouse B,North,3,906.16,37.5,254,2718.48,932.72,On Time
ORD-10183,2023-04-05,2023-04-09,Energy Drinks,Grocery,FreshFoods,Warehouse B,West,7,33.24,8.0,172,232.67,14.61,On Time
ORD-10184,2023-04-05,2023-04-09,Smart Watch Band,Accessories,Apex Goods,Warehouse B,South,3,100.41,12.0,168,301.23,129.55,On Time
ORD-10185,2023-04-05,2023-04-22,Leather Wallet,Accessories,Apex Goods,Warehouse B,South,3,85.52,12.0,174,256.56,109.45,Critical Delay
ORD-10186,2023-04-06,2023-04-07,4K Monitor,Electronics,TechCorp,Warehouse A,South,1,897.14,25.0,358,897.14,301.5,On Time
ORD-10187,2023-04-06,2023-04-08,Bulk Almonds,Grocery,FreshFoods,Warehouse C,East,5,28.21,8.0,3,141.03,7.28,On Time
ORD-10188,2023-04-06,2023-04-08,Energy Drinks,Grocery,FreshFoods,Warehouse C,East,10,43.53,8.0,175,435.26,30.82,On Time
ORD-10189,2023-04-08,2023-04-22,Running Shoes,Clothing,Vogue Apparel,Warehouse B,North,2,103.54,18.0,383,207.07,73.83,Critical Delay
ORD-10190,2023-04-08,2023-04-13,Smartphone X,Electronics,TechCorp,Warehouse A,North,2,1080.97,37.5,26,2161.95,737.93,On Time
ORD-10191,2023-04-09,2023-04-14,Leather Wallet,Accessories,Apex Goods,Warehouse C,East,1,124.01,12.0,231,124.01,49.8,On Time
ORD-10192,2023-04-09,2023-04-13,Leather Wallet,Accessories,Apex Goods,Warehouse C,East,5,80.45,12.0,295,402.26,175.02,On Time
ORD-10193,2023-04-09,2023-04-11,Laptop Pro,Electronics,TechCorp,Warehouse A,West,2,1052.55,25.0,30,2105.09,724.28,On Time
ORD-10194,2023-04-10,2023-04-15,Smartphone X,Electronics,TechCorp,Warehouse B,North,2,255.22,37.5,290,510.45,159.91,On Time
ORD-10195,2023-04-11,2023-04-18,Smart Watch Band,Accessories,Apex Goods,Warehouse B,North,5,123.78,18.0,79,618.89,269.5,Delayed
ORD-10196,2023-04-11,2023-04-13,Office Chair,Furniture,TimberCraft,Warehouse A,North,1,423.61,112.5,185,423.61,28.47,On Time
ORD-10197,2023-04-12,2023-04-25,Bulk Almonds,Grocery,FreshFoods,Warehouse B,East,10,15.49,8.0,374,154.86,8.39,Critical Delay
ORD-10198,2023-04-12,2023-04-13,Wireless Earbuds,Electronics,TechCorp,Warehouse C,South,2,1022.38,25.0,245,2044.76,703.17,On Time
ORD-10199,2023-04-12,2023-04-17,Smartphone X,Electronics,TechCorp,Warehouse B,North,3,977.05,37.5,338,2931.15,1007.15,On Time
ORD-10200,2023-04-13,2023-04-16,Leather Wallet,Accessories,Apex Goods,Warehouse C,South,1,83.62,12.0,57,83.62,31.63,On Time
ORD-10201,2023-04-14,2023-04-15,Energy Drinks,Grocery,FreshFoods,Warehouse B,North,13,37.94,12.0,384,493.24,33.46,On Time
ORD-10202,2023-04-14,2023-04-15,Running Shoes,Clothing,Vogue Apparel,Warehouse B,East,4,103.82,12.0,91,415.27,160.11,On Time
ORD-10203,2023-04-15,2023-04-17,Ergonomic Desk,Furniture,TimberCraft,Warehouse A,North,2,211.46,112.5,265,422.91,28.33,On Time
ORD-10204,2023-04-15,2023-04-18,Smart Watch Band,Accessories,Apex Goods,Warehouse B,East,1,94.26,12.0,51,94.26,36.42,On Time
ORD-10205,2023-04-16,2023-04-21,Leather Wallet,Accessories,Apex Goods,Warehouse B,North,4,123.47,18.0,306,493.88,213.25,On Time
ORD-10206,2023-04-16,2023-04-23,4K Monitor,Electronics,TechCorp,Warehouse B,North,1,800.28,37.5,224,800.28,261.35,Delayed
ORD-10207,2023-04-17,2023-04-22,Running Shoes,Clothing,Vogue Apparel,Warehouse B,North,3,143.31,18.0,206,429.92,162.97,On Time
ORD-10208,2023-04-18,2023-04-20,Running Shoes,Clothing,Vogue Apparel,Warehouse C,East,1,118.86,12.0,32,118.86,41.54,On Time
ORD-10209,2023-04-19,2023-04-22,Bookshelf,Furniture,TimberCraft,Warehouse A,West,1,112.19,75.0,356,112.19,-15.06,On Time
ORD-10210,2023-04-19,2023-04-20,Energy Drinks,Grocery,FreshFoods,Warehouse B,West,8,14.94,8.0,156,119.49,5.56,On Time
ORD-10211,2023-04-21,2023-05-05,Organic Coffee,Grocery,FreshFoods,Warehouse B,North,13,40.94,12.0,209,532.16,36.57,Critical Delay
ORD-10212,2023-04-21,2023-04-30,4K Monitor,Electronics,TechCorp,Warehouse B,North,2,972.77,37.5,360,1945.54,662.19,Delayed
ORD-10213,2023-04-21,2023-04-24,Denim Jeans,Clothing,Vogue Apparel,Warehouse C,East,1,64.86,12.0,82,64.86,19.94,On Time
ORD-10214,2023-04-21,2023-04-28,Energy Drinks,Grocery,FreshFoods,Warehouse B,East,6,17.69,8.0,263,106.15,4.49,Delayed
ORD-10215,2023-04-23,2023-05-07,Ergonomic Desk,Furniture,TimberCraft,Warehouse B,West,1,382.5,75.0,102,382.5,39.0,Critical Delay
ORD-10216,2023-04-23,2023-04-25,Office Chair,Furniture,TimberCraft,Warehouse B,West,1,496.68,75.0,227,496.68,61.84,On Time
ORD-10217,2023-04-23,2023-05-07,Smartphone X,Electronics,TechCorp,Warehouse B,North,3,472.95,37.5,44,1418.85,477.85,Critical Delay
ORD-10218,2023-04-24,2023-05-09,Running Shoes,Clothing,Vogue Apparel,Warehouse B,East,5,43.04,12.0,302,215.18,80.07,Critical Delay
ORD-10219,2023-04-24,2023-04-25,Energy Drinks,Grocery,FreshFoods,Warehouse B,South,8,45.38,8.0,195,363.07,25.05,On Time
ORD-10220,2023-04-24,2023-04-29,Organic Coffee,Grocery,FreshFoods,Warehouse A,West,8,44.53,8.0,391,356.2,24.5,On Time
ORD-10221,2023-04-25,2023-05-08,Running Shoes,Clothing,Vogue Apparel,Warehouse B,North,1,102.19,18.0,89,102.19,31.88,Critical Delay
ORD-10222,2023-04-25,2023-04-26,Bulk Almonds,Grocery,FreshFoods,Warehouse C,West,7,30.93,8.0,199,216.48,13.32,On Time
ORD-10223,2023-04-26,2023-05-13,Wireless Earbuds,Electronics,TechCorp,Warehouse B,North,3,776.86,37.5,256,2330.57,796.95,Critical Delay
ORD-10224,2023-04-26,2023-05-01,Running Shoes,Clothing,Vogue Apparel,Warehouse C,East,4,132.25,12.0,109,529.0,205.6,On Time
ORD-10225,2023-04-27,2023-05-02,Running Shoes,Clothing,Vogue Apparel,Warehouse A,North,1,75.06,18.0,205,75.06,-11.26,On Time
ORD-10226,2023-04-27,2023-05-13,Laptop Pro,Electronics,TechCorp,Warehouse B,North,3,892.01,37.5,120,2676.03,917.86,Critical Delay
ORD-10227,2023-04-27,2023-04-28,Office Chair,Furniture,TimberCraft,Warehouse A,West,1,290.94,75.0,209,290.94,20.69,On Time
ORD-10228,2023-04-28,2023-05-03,Ergonomic Desk,Furniture,TimberCraft,Warehouse B,North,1,243.33,112.5,385,243.33,-7.58,On Time
ORD-10229,2023-04-28,2023-04-29,Organic Coffee,Grocery,FreshFoods,Warehouse C,East,10,18.17,8.0,6,181.7,10.54,On Time
ORD-10230,2023-04-29,2023-05-12,Bulk Almonds,Grocery,FreshFoods,Warehouse B,West,6,16.45,8.0,33,98.69,3.9,Critical Delay
ORD-10231,2023-04-29,2023-05-01,Denim Jeans,Clothing,Vogue Apparel,Warehouse C,East,3,29.98,12.0,182,89.95,29.98,On Time
ORD-10232,2023-04-30,2023-05-02,Organic Coffee,Grocery,FreshFoods,Warehouse A,West,6,24.94,8.0,160,149.63,7.97,On Time
ORD-10233,2023-05-02,2023-05-06,Running Shoes,Clothing,Vogue Apparel,Warehouse B,North,3,43.63,18.0,209,130.89,-19.63,On Time
ORD-10234,2023-05-02,2023-05-07,4K Monitor,Electronics,TechCorp,Warehouse C,West,3,431.38,25.0,220,1294.14,440.45,On Time
ORD-10235,2023-05-02,2023-05-13,Energy Drinks,Grocery,FreshFoods,Warehouse B,North,13,35.42,12.0,5,460.42,30.83,Critical Delay
ORD-10236,2023-05-02,2023-05-07,Running Shoes,Clothing,Vogue Apparel,Warehouse C,East,5,39.04,12.0,141,195.18,-29.28,On Time
ORD-10237,2023-05-03,2023-05-04,Running Shoes,Clothing,Vogue Apparel,Warehouse C,South,2,52.65,12.0,397,105.3,36.12,On Time
ORD-10238,2023-05-04,2023-05-08,Bookshelf,Furniture,TimberCraft,Warehouse C,East,1,208.8,75.0,115,208.8,4.26,On Time
ORD-10239,2023-05-04,2023-05-07,Office Chair,Furniture,TimberCraft,Warehouse B,North,1,428.17,112.5,169,428.17,29.38,On Time
ORD-10240,2023-05-06,2023-05-09,Bulk Almonds,Grocery,FreshFoods,Warehouse C,West,5,37.52,8.0,9,187.61,11.01,On Time
ORD-10241,2023-05-06,2023-05-07,Backpack,Accessories,Apex Goods,Warehouse C,South,2,120.92,12.0,387,241.84,102.83,On Time
ORD-10242,2023-05-06,2023-05-23,Bulk Almonds,Grocery,FreshFoods,Warehouse B,East,13,23.62,8.0,1,307.08,20.57,Critical Delay
ORD-10243,2023-05-07,2023-05-10,Energy Drinks,Grocery,FreshFoods,Warehouse C,West,6,20.58,8.0,73,123.48,5.88,On Time
ORD-10244,2023-05-08,2023-05-24,4K Monitor,Electronics,TechCorp,Warehouse B,East,2,228.65,25.0,383,457.3,147.56,Critical Delay
ORD-10245,2023-05-08,2023-05-12,Running Shoes,Clothing,Vogue Apparel,Warehouse C,South,3,90.75,12.0,98,272.24,102.9,On Time
ORD-10246,2023-05-08,2023-05-10,Denim Jeans,Clothing,Vogue Apparel,Warehouse A,West,4,49.16,12.0,344,196.65,72.66,On Time
ORD-10247,2023-05-08,2023-05-10,4K Monitor,Electronics,TechCorp,Warehouse A,South,2,1070.69,25.0,289,2141.38,736.98,On Time
ORD-10248,2023-05-09,2023-05-14,Organic Coffee,Grocery,FreshFoods,Warehouse A,West,8,39.1,8.0,125,312.81,21.02,On Time
ORD-10249,2023-05-09,2023-05-14,Organic Coffee,Grocery,FreshFoods,Warehouse A,East,8,20.73,8.0,1,165.82,9.27,On Time
ORD-10250,2023-05-10,2023-05-14,Energy Drinks,Grocery,FreshFoods,Warehouse C,East,10,42.11,8.0,386,421.14,29.69,On Time
ORD-10251,2023-05-10,2023-05-21,Smartphone X,Electronics,TechCorp,Warehouse B,North,1,872.38,37.5,307,872.38,286.58,Critical Delay
ORD-10252,2023-05-10,2023-05-12,Wireless Earbuds,Electronics,TechCorp,Warehouse A,East,1,871.27,25.0,96,871.27,292.44,On Time
ORD-10253,2023-05-10,2023-05-13,Running Shoes,Clothing,Vogue Apparel,Warehouse C,South,3,123.2,12.0,208,369.59,141.84,On Time
ORD-10254,2023-05-11,2023-05-16,Backpack,Accessories,Apex Goods,Warehouse C,East,4,75.57,12.0,371,302.29,130.03,On Time
ORD-10255,2023-05-11,2023-05-12,Winter Jacket,Clothing,Vogue Apparel,Warehouse B,North,2,121.34,18.0,114,242.67,88.07,On Time
ORD-10256,2023-05-11,2023-05-25,Backpack,Accessories,Apex Goods,Warehouse B,North,2,122.89,18.0,127,245.78,101.6,Critical Delay
ORD-10257,2023-05-12,2023-05-14,Smartphone X,Electronics,TechCorp,Warehouse C,West,3,351.78,25.0,324,1055.33,356.87,On Time
ORD-10258,2023-05-13,2023-05-14,Winter Jacket,Clothing,Vogue Apparel,Warehouse B,South,2,22.39,12.0,315,44.78,11.91,On Time
ORD-10259,2023-05-13,2023-05-15,Organic Coffee,Grocery,FreshFoods,Warehouse B,North,8,34.24,12.0,1,273.92,15.91,On Time
ORD-10260,2023-05-13,2023-05-17,Running Shoes,Clothing,Vogue Apparel,Warehouse B,North,2,30.61,18.0,58,61.22,15.49,On Time
ORD-10261,2023-05-14,2023-05-27,Energy Drinks,Grocery,FreshFoods,Warehouse B,East,13,35.34,8.0,4,459.37,32.75,Critical Delay
ORD-10262,2023-05-14,2023-05-18,Running Shoes,Clothing,Vogue Apparel,Warehouse B,North,2,36.57,18.0,351,73.15,20.26,On Time
ORD-10263,2023-05-15,2023-05-20,Organic Coffee,Grocery,FreshFoods,Warehouse A,East,8,22.32,8.0,170,178.52,10.28,On Time
ORD-10264,2023-05-17,2023-05-22,Bookshelf,Furniture,TimberCraft,Warehouse B,North,1,337.38,112.5,356,337.38,11.23,On Time
ORD-10265,2023-05-18,2023-05-23,Laptop Pro,Electronics,TechCorp,Warehouse B,North,3,1031.52,37.5,280,3094.55,1064.34,On Time
ORD-10266,2023-05-18,2023-05-23,Energy Drinks,Grocery,FreshFoods,Warehouse B,North,7,10.0,12.0,209,70.01,-0.4,On Time
ORD-10267,2023-05-19,2023-05-26,Denim Jeans,Clothing,Vogue Apparel,Warehouse B,South,2,91.35,12.0,238,182.71,67.08,Delayed
ORD-10268,2023-05-20,2023-05-23,Bookshelf,Furniture,TimberCraft,Warehouse B,North,1,490.72,112.5,237,490.72,41.89,On Time
ORD-10269,2023-05-21,2023-05-26,Winter Jacket,Clothing,Vogue Apparel,Warehouse B,North,5,72.35,18.0,27,361.76,135.7,On Time
ORD-10270,2023-05-21,2023-05-25,Bookshelf,Furniture,TimberCraft,Warehouse A,East,2,147.82,75.0,92,295.65,21.63,On Time
ORD-10271,2023-05-21,2023-05-25,Winter Jacket,Clothing,Vogue Apparel,Warehouse C,West,5,121.45,12.0,105,607.23,-91.08,On Time
ORD-10272,2023-05-23,2023-05-26,Denim Jeans,Clothing,Vogue Apparel,Warehouse B,East,4,45.51,12.0,365,182.05,66.82,On Time
ORD-10273,2023-05-23,2023-05-25,Denim Jeans,Clothing,Vogue Apparel,Warehouse C,South,3,146.81,12.0,30,440.43,170.17,On Time
ORD-10274,2023-05-23,2023-06-06,Running Shoes,Clothing,Vogue Apparel,Warehouse B,East,4,104.88,12.0,251,419.53,161.81,Critical Delay
ORD-10275,2023-05-23,2023-05-28,Smartphone X,Electronics,TechCorp,Warehouse A,West,2,901.74,25.0,70,1803.48,618.72,On Time
ORD-10276,2023-05-24,2023-05-27,Winter Jacket,Clothing,Vogue Apparel,Warehouse A,East,1,119.65,12.0,279,119.65,41.86,On Time
ORD-10277,2023-05-24,2023-05-26,Smart Watch Band,Accessories,Apex Goods,Warehouse B,East,1,68.1,12.0,298,68.1,24.64,On Time
ORD-10278,2023-05-24,2023-05-28,Leather Wallet,Accessories,Apex Goods,Warehouse B,South,4,64.11,12.0,54,256.44,109.4,On Time
ORD-10279,2023-05-25,2023-05-28,Winter Jacket,Clothing,Vogue Apparel,Warehouse A,South,1,34.97,12.0,125,34.97,7.99,On Time
ORD-10280,2023-05-25,2023-06-10,Bulk Almonds,Grocery,FreshFoods,Warehouse B,South,13,28.22,8.0,229,366.8,25.34,Critical Delay
ORD-10281,2023-05-26,2023-06-05,Office Chair,Furniture,TimberCraft,Warehouse B,South,1,447.27,75.0,207,447.27,51.95,Delayed
ORD-10282,2023-05-26,2023-06-05,Wireless Earbuds,Electronics,TechCorp,Warehouse B,North,1,563.65,37.5,272,563.65,178.53,Delayed
ORD-10283,2023-05-26,2023-05-29,Laptop Pro,Electronics,TechCorp,Warehouse B,East,1,596.31,25.0,66,596.31,196.21,On Time
ORD-10284,2023-05-27,2023-05-30,Running Shoes,Clothing,Vogue Apparel,Warehouse A,North,1,81.09,18.0,177,81.09,23.44,On Time
ORD-10285,2023-05-27,2023-06-08,Bulk Almonds,Grocery,FreshFoods,Warehouse B,West,11,21.08,8.0,365,231.91,14.55,Critical Delay
ORD-10286,2023-05-28,2023-06-01,Organic Coffee,Grocery,FreshFoods,Warehouse C,West,9,26.91,8.0,248,242.16,-36.32,On Time
ORD-10287,2023-05-28,2023-06-02,Leather Wallet,Accessories,Apex Goods,Warehouse A,North,5,21.68,18.0,209,108.39,39.78,On Time
ORD-10288,2023-05-29,2023-05-30,Running Shoes,Clothing,Vogue Apparel,Warehouse A,East,3,36.52,12.0,205,109.57,37.83,On Time
ORD-10289,2023-05-29,2023-06-02,Energy Drinks,Grocery,FreshFoods,Warehouse B,North,5,33.52,12.0,1,167.6,7.41,On Time
ORD-10290,2023-05-29,2023-05-30,Denim Jeans,Clothing,Vogue Apparel,Warehouse A,South,4,52.16,12.0,198,208.65,77.46,On Time
ORD-10291,2023-05-29,2023-06-01,Denim Jeans,Clothing,Vogue Apparel,Warehouse B,North,5,122.41,18.0,349,612.03,235.81,On Time
ORD-10292,2023-05-29,2023-06-02,4K Monitor,Electronics,TechCorp,Warehouse C,South,1,384.46,25.0,25,384.46,122.06,On Time
ORD-10293,2023-05-29,2023-06-02,Bookshelf,Furniture,TimberCraft,Warehouse C,South,1,253.11,75.0,194,253.11,13.12,On Time
ORD-10294,2023-05-30,2023-06-12,Smartphone X,Electronics,TechCorp,Warehouse B,North,1,766.02,37.5,352,766.02,249.36,Critical Delay
ORD-10295,2023-05-31,2023-06-15,Laptop Pro,Electronics,TechCorp,Warehouse B,North,2,651.19,37.5,129,1302.39,437.09,Critical Delay
ORD-10296,2023-05-31,2023-06-02,Laptop Pro,Electronics,TechCorp,Warehouse B,North,3,366.07,37.5,44,1098.22,365.63,On Time
ORD-10297,2023-05-31,2023-06-01,4K Monitor,Electronics,TechCorp,Warehouse B,North,3,870.43,37.5,179,2611.3,895.21,On Time
ORD-10298,2023-06-01,2023-06-16,Wireless Earbuds,Electronics,TechCorp,Warehouse B,North,2,241.43,37.5,299,482.86,150.25,Critical Delay
ORD-10299,2023-06-01,2023-06-09,Wireless Earbuds,Electronics,TechCorp,Warehouse B,East,1,787.7,25.0,338,787.7,263.19,Delayed
ORD-10300,2023-06-01,2023-06-02,Energy Drinks,Grocery,FreshFoods,Warehouse C,East,14,23.0,8.0,235,321.96,21.76,On Time
ORD-10301,2023-06-02,2023-06-06,Energy Drinks,Grocery,FreshFoods,Warehouse B,East,7,10.67,8.0,367,74.67,1.97,On Time
ORD-10302,2023-06-03,2023-06-08,Bulk Almonds,Grocery,FreshFoods,Warehouse A,West,14,12.38,8.0,187,173.39,9.87,On Time
ORD-10303,2023-06-03,2023-06-05,Energy Drinks,Grocery,FreshFoods,Warehouse B,East,12,25.84,8.0,104,310.08,20.81,On Time
ORD-10304,2023-06-03,2023-06-04,Smart Watch Band,Accessories,Apex Goods,Warehouse B,North,5,82.89,18.0,362,414.47,177.51,On Time
ORD-10305,2023-06-04,2023-06-08,Smartphone X,Electronics,TechCorp,Warehouse B,North,3,942.27,37.5,69,2826.81,970.63,On Time
ORD-10306,2023-06-04,2023-06-05,Bookshelf,Furniture,TimberCraft,Warehouse A,East,2,178.3,75.0,96,356.6,33.82,On Time
ORD-10307,2023-06-05,2023-06-17,Laptop Pro,Electronics,TechCorp,Warehouse B,North,2,894.02,37.5,316,1788.03,607.06,Critical Delay
ORD-10308,2023-06-05,2023-06-07,4K Monitor,Electronics,TechCorp,Warehouse B,North,3,374.41,37.5,38,1123.23,374.38,On Time
ORD-10309,2023-06-06,2023-06-09,Ergonomic Desk,Furniture,TimberCraft,Warehouse B,North,1,178.52,112.5,145,178.52,-20.55,On Time
ORD-10310,2023-06-06,2023-06-08,Bookshelf,Furniture,TimberCraft,Warehouse C,East,2,344.66,75.0,148,689.32,100.36,On Time
ORD-10311,2023-06-07,2023-06-12,4K Monitor,Electronics,TechCorp,Warehouse B,North,1,584.73,37.5,153,584.73,185.91,On Time
ORD-10312,2023-06-08,2023-06-13,Bulk Almonds,Grocery,FreshFoods,Warehouse B,North,13,40.91,12.0,263,531.79,36.54,On Time
ORD-10313,2023-06-08,2023-06-09,Laptop Pro,Electronics,TechCorp,Warehouse A,East,1,998.66,25.0,118,998.66,-149.8,On Time
ORD-10314,2023-06-09,2023-06-11,Backpack,Accessories,Apex Goods,Warehouse C,South,5,135.17,12.0,128,675.84,298.13,On Time
ORD-10315,2023-06-09,2023-06-12,4K Monitor,Electronics,TechCorp,Warehouse B,North,1,431.08,37.5,286,431.08,132.13,On Time
ORD-10316,2023-06-09,2023-06-23,Laptop Pro,Electronics,TechCorp,Warehouse B,North,1,439.07,37.5,149,439.07,134.92,Critical Delay
ORD-10317,2023-06-09,2023-06-17,Bulk Almonds,Grocery,FreshFoods,Warehouse B,North,11,41.28,12.0,3,454.03,30.32,Delayed
ORD-10318,2023-06-10,2023-06-14,Smart Watch Band,Accessories,Apex Goods,Warehouse B,South,2,85.58,12.0,94,171.16,71.02,On Time
ORD-10319,2023-06-11,2023-06-15,Wireless Earbuds,Electronics,TechCorp,Warehouse C,South,1,398.63,25.0,236,398.63,127.02,On Time
ORD-10320,2023-06-11,2023-06-14,Smart Watch Band,Accessories,Apex Goods,Warehouse A,West,3,144.32,12.0,163,432.95,188.83,On Time
ORD-10321,2023-06-13,2023-06-15,Wireless Earbuds,Electronics,TechCorp,Warehouse B,North,1,745.92,37.5,174,745.92,242.32,On Time
ORD-10322,2023-06-13,2023-06-16,Wireless Earbuds,Electronics,TechCorp,Warehouse C,East,1,882.54,25.0,193,882.54,296.39,On Time
ORD-10323,2023-06-14,2023-06-19,Denim Jeans,Clothing,Vogue Apparel,Warehouse B,North,5,43.03,18.0,109,215.13,77.05,On Time
ORD-10324,2023-06-14,2023-06-15,Smartphone X,Electronics,TechCorp,Warehouse C,West,2,489.44,25.0,128,978.88,330.11,On Time
ORD-10325,2023-06-15,2023-06-16,Denim Jeans,Clothing,Vogue Apparel,Warehouse B,North,5,133.5,18.0,302,667.48,257.99,On Time
ORD-10326,2023-06-15,2023-06-16,Energy Drinks,Grocery,FreshFoods,Warehouse A,South,9,43.46,8.0,184,391.12,27.29,On Time
ORD-10327,2023-06-16,2023-06-21,Bookshelf,Furniture,TimberCraft,Warehouse A,South,2,383.76,75.0,289,767.51,116.0,On Time
ORD-10328,2023-06-16,2023-06-19,Smart Watch Band,Accessories,Apex Goods,Warehouse B,North,2,99.56,18.0,89,199.12,80.6,On Time
ORD-10329,2023-06-17,2023-06-21,Energy Drinks,Grocery,FreshFoods,Warehouse B,North,6,44.54,12.0,275,267.24,15.38,On Time
ORD-10330,2023-06-18,2023-06-23,Leather Wallet,Accessories,Apex Goods,Warehouse B,South,2,42.31,12.0,211,84.62,32.08,On Time
ORD-10331,2023-06-19,2023-06-23,Laptop Pro,Electronics,TechCorp,Warehouse B,South,1,651.27,25.0,112,651.27,215.44,On Time
ORD-10332,2023-06-19,2023-06-24,Bulk Almonds,Grocery,FreshFoods,Warehouse B,North,5,36.94,12.0,3,184.71,8.78,On Time
ORD-10333,2023-06-21,2023-07-06,Organic Coffee,Grocery,FreshFoods,Warehouse B,North,7,46.83,12.0,216,327.79,20.22,Critical Delay
ORD-10334,2023-06-21,2023-06-22,Running Shoes,Clothing,Vogue Apparel,Warehouse B,South,5,126.89,12.0,385,634.45,247.78,On Time
ORD-10335,2023-06-22,2023-06-24,Backpack,Accessories,Apex Goods,Warehouse A,South,3,29.49,12.0,303,88.47,33.81,On Time
ORD-10336,2023-06-22,2023-06-23,Smartphone X,Electronics,TechCorp,Warehouse A,North,2,432.64,37.5,75,865.27,284.09,On Time
ORD-10337,2023-06-22,2023-06-24,Ergonomic Desk,Furniture,TimberCraft,Warehouse A,West,1,277.67,75.0,98,277.67,18.03,On Time
ORD-10338,2023-06-22,2023-06-24,Backpack,Accessories,Apex Goods,Warehouse B,North,2,24.9,18.0,315,49.8,13.41,On Time
ORD-10339,2023-06-26,2023-06-28,Leather Wallet,Accessories,Apex Goods,Warehouse C,West,1,111.83,12.0,351,111.83,-16.77,On Time
ORD-10340,2023-06-26,2023-06-29,Wireless Earbuds,Electronics,TechCorp,Warehouse C,West,2,1191.89,25.0,43,2383.78,821.82,On Time
ORD-10341,2023-06-26,2023-06-28,Running Shoes,Clothing,Vogue Apparel,Warehouse B,North,3,68.99,18.0,61,206.98,73.79,On Time
ORD-10342,2023-06-30,2023-07-03,Ergonomic Desk,Furniture,TimberCraft,Warehouse B,East,1,225.85,75.0,129,225.85,7.67,On Time
ORD-10343,2023-07-01,2023-07-04,Laptop Pro,Electronics,TechCorp,Warehouse A,North,1,242.74,37.5,340,242.74,66.21,On Time
ORD-10344,2023-07-02,2023-07-06,Winter Jacket,Clothing,Vogue Apparel,Warehouse C,East,2,82.77,12.0,84,165.54,60.22,On Time
ORD-10345,2023-07-02,2023-07-04,Smart Watch Band,Accessories,Apex Goods,Warehouse A,West,4,135.46,12.0,127,541.86,237.84,On Time
ORD-10346,2023-07-02,2023-07-03,Bookshelf,Furniture,TimberCraft,Warehouse B,South,2,336.89,75.0,144,673.78,97.26,On Time
ORD-10347,2023-07-03,2023-07-04,Bulk Almonds,Grocery,FreshFoods,Warehouse A,East,14,14.73,8.0,64,206.2,12.5,On Time
ORD-10348,2023-07-05,2023-07-08,Smartphone X,Electronics,TechCorp,Warehouse A,North,1,1169.62,37.5,128,1169.62,390.62,On Time
ORD-10349,2023-07-06,2023-07-14,Leather Wallet,Accessories,Apex Goods,Warehouse B,North,5,86.06,18.0,98,430.29,184.63,Delayed
ORD-10350,2023-07-06,2023-07-07,Denim Jeans,Clothing,Vogue Apparel,Warehouse C,South,2,127.37,12.0,124,254.74,95.9,On Time
ORD-10351,2023-07-06,2023-07-13,Denim Jeans,Clothing,Vogue Apparel,Warehouse B,East,2,100.49,12.0,247,200.98,74.39,Delayed
ORD-10352,2023-07-07,2023-07-10,Running Shoes,Clothing,Vogue Apparel,Warehouse C,West,4,93.37,12.0,60,373.49,143.4,On Time
ORD-10353,2023-07-07,2023-07-23,Bulk Almonds,Grocery,FreshFoods,Warehouse B,North,8,17.21,12.0,108,137.65,5.01,Critical Delay
ORD-10354,2023-07-09,2023-07-20,Bookshelf,Furniture,TimberCraft,Warehouse B,North,1,134.83,112.5,385,134.83,-29.28,Critical Delay
ORD-10355,2023-07-09,2023-07-11,Organic Coffee,Grocery,FreshFoods,Warehouse B,South,5,23.71,8.0,187,118.57,5.49,On Time
ORD-10356,2023-07-09,2023-07-24,Winter Jacket,Clothing,Vogue Apparel,Warehouse B,West,2,133.96,12.0,120,267.92,101.17,Critical Delay
ORD-10357,2023-07-09,2023-07-12,Smart Watch Band,Accessories,Apex Goods,Warehouse B,North,3,115.93,18.0,224,347.79,147.51,On Time
ORD-10358,2023-07-09,2023-07-16,Laptop Pro,Electronics,TechCorp,Warehouse B,East,2,891.42,25.0,357,1782.83,611.49,Delayed
ORD-10359,2023-07-10,2023-07-12,Leather Wallet,Accessories,Apex Goods,Warehouse A,East,3,60.58,12.0,74,181.75,75.79,On Time
ORD-10360,2023-07-10,2023-07-11,Office Chair,Furniture,TimberCraft,Warehouse A,East,2,349.28,75.0,208,698.57,102.21,On Time
ORD-10361,2023-07-11,2023-07-27,Smartphone X,Electronics,TechCorp,Warehouse B,South,2,948.96,25.0,355,1897.93,651.78,Critical Delay
ORD-10362,2023-07-11,2023-07-13,Laptop Pro,Electronics,TechCorp,Warehouse B,North,3,580.48,37.5,272,1741.45,590.76,On Time
ORD-10363,2023-07-11,2023-07-15,Winter Jacket,Clothing,Vogue Apparel,Warehouse B,South,2,111.95,12.0,168,223.89,83.56,On Time
ORD-10364,2023-07-13,2023-07-17,Laptop Pro,Electronics,TechCorp,Warehouse B,North,2,863.31,37.5,149,1726.62,585.57,On Time
ORD-10365,2023-07-13,2023-07-18,Backpack,Accessories,Apex Goods,Warehouse B,South,2,94.56,12.0,257,189.13,79.11,On Time
ORD-10366,2023-07-13,2023-07-17,Wireless Earbuds,Electronics,TechCorp,Warehouse B,North,3,525.82,37.5,38,1577.47,533.36,On Time
ORD-10367,2023-07-15,2023-07-20,Laptop Pro,Electronics,TechCorp,Warehouse C,East,3,381.82,25.0,42,1145.45,388.41,On Time
ORD-10368,2023-07-17,2023-07-20,Running Shoes,Clothing,Vogue Apparel,Warehouse A,East,5,47.53,12.0,396,237.63,89.05,On Time
ORD-10369,2023-07-17,2023-07-19,Energy Drinks,Grocery,FreshFoods,Warehouse A,West,11,22.25,8.0,383,244.76,15.58,On Time
ORD-10370,2023-07-17,2023-07-21,4K Monitor,Electronics,TechCorp,Warehouse A,East,3,502.78,25.0,378,1508.33,515.42,On Time
ORD-10371,2023-07-18,2023-07-22,Wireless Earbuds,Electronics,TechCorp,Warehouse A,East,2,1098.36,25.0,149,2196.71,756.35,On Time
ORD-10372,2023-07-19,2023-07-21,Energy Drinks,Grocery,FreshFoods,Warehouse A,East,13,29.49,8.0,27,383.35,26.67,On Time
ORD-10373,2023-07-20,2023-07-24,Ergonomic Desk,Furniture,TimberCraft,Warehouse B,South,2,422.07,75.0,381,844.14,131.33,On Time
ORD-10374,2023-07-20,2023-08-01,Leather Wallet,Accessories,Apex Goods,Warehouse B,East,4,37.79,12.0,154,151.16,62.02,Critical Delay
ORD-10375,2023-07-21,2023-08-04,Bulk Almonds,Grocery,FreshFoods,Warehouse B,West,14,46.82,8.0,313,655.5,48.44,Critical Delay
ORD-10376,2023-07-21,2023-07-22,Bookshelf,Furniture,TimberCraft,Warehouse B,North,1,293.4,112.5,239,293.4,2.43,On Time
ORD-10377,2023-07-22,2023-08-04,Organic Coffee,Grocery,FreshFoods,Warehouse B,North,14,40.75,12.0,1,570.5,39.64,Critical Delay
ORD-10378,2023-07-22,2023-07-26,Laptop Pro,Electronics,TechCorp,Warehouse B,North,3,450.89,37.5,245,1352.67,454.68,On Time
ORD-10379,2023-07-22,2023-07-24,Running Shoes,Clothing,Vogue Apparel,Warehouse B,East,5,61.02,12.0,328,305.1,116.04,On Time
ORD-10380,2023-07-24,2023-08-09,Leather Wallet,Accessories,Apex Goods,Warehouse B,West,1,98.1,12.0,229,98.1,38.14,Critical Delay
ORD-10381,2023-07-25,2023-08-03,Bulk Almonds,Grocery,FreshFoods,Warehouse B,North,12,12.25,12.0,201,146.99,5.76,Delayed
ORD-10382,2023-07-25,2023-07-30,Smart Watch Band,Accessories,Apex Goods,Warehouse B,East,3,32.95,12.0,101,98.84,38.48,On Time
ORD-10383,2023-07-26,2023-07-31,Bulk Almonds,Grocery,FreshFoods,Warehouse B,North,11,33.03,12.0,51,363.29,23.06,On Time
ORD-10384,2023-07-27,2023-07-31,Laptop Pro,Electronics,TechCorp,Warehouse A,East,3,516.22,25.0,146,1548.65,529.53,On Time
ORD-10385,2023-07-27,2023-08-01,Organic Coffee,Grocery,FreshFoods,Warehouse B,North,8,24.92,12.0,170,199.36,9.95,On Time
ORD-10386,2023-07-27,2023-07-31,Ergonomic Desk,Furniture,TimberCraft,Warehouse C,South,2,152.14,75.0,274,304.28,23.36,On Time
ORD-10387,2023-07-27,2023-07-28,Organic Coffee,Grocery,FreshFoods,Warehouse B,West,14,10.35,8.0,239,144.92,7.59,On Time
ORD-10388,2023-07-29,2023-08-03,Leather Wallet,Accessories,Apex Goods,Warehouse C,South,2,147.01,12.0,125,294.01,126.3,On Time
ORD-10389,2023-08-01,2023-08-16,Bulk Almonds,Grocery,FreshFoods,Warehouse B,South,5,21.02,8.0,120,105.11,4.41,Critical Delay
ORD-10390,2023-08-01,2023-08-05,Wireless Earbuds,Electronics,TechCorp,Warehouse B,North,2,482.77,37.5,355,965.53,319.19,On Time
ORD-10391,2023-08-02,2023-08-03,Ergonomic Desk,Furniture,TimberCraft,Warehouse C,West,2,447.81,75.0,82,895.63,141.63,On Time
ORD-10392,2023-08-02,2023-08-06,Ergonomic Desk,Furniture,TimberCraft,Warehouse A,East,2,153.34,75.0,189,306.68,23.84,On Time
ORD-10393,2023-08-03,2023-08-05,Smartphone X,Electronics,TechCorp,Warehouse B,North,3,554.8,37.5,193,1664.39,563.79,On Time
ORD-10394,2023-08-04,2023-08-06,Smartphone X,Electronics,TechCorp,Warehouse B,North,1,901.1,37.5,234,901.1,296.63,On Time
ORD-10395,2023-08-04,2023-08-05,4K Monitor,Electronics,TechCorp,Warehouse C,East,3,950.33,25.0,235,2850.99,985.35,On Time
ORD-10396,2023-08-04,2023-08-05,Organic Coffee,Grocery,FreshFoods,Warehouse C,East,8,44.57,8.0,214,356.6,24.53,On Time
ORD-10397,2023-08-04,2023-08-08,Smartphone X,Electronics,TechCorp,Warehouse C,West,3,268.75,25.0,215,806.26,-120.94,On Time
ORD-10398,2023-08-05,2023-08-07,Smartphone X,Electronics,TechCorp,Warehouse A,West,1,254.61,25.0,164,254.61,76.61,On Time
ORD-10399,2023-08-05,2023-08-09,Bulk Almonds,Grocery,FreshFoods,Warehouse A,East,8,17.03,8.0,384,136.22,6.9,On Time
ORD-10400,2023-08-05,2023-08-16,Wireless Earbuds,Electronics,TechCorp,Warehouse B,North,3,1020.54,37.5,61,3061.63,1052.82,Critical Delay
ORD-10401,2023-08-05,2023-08-10,Denim Jeans,Clothing,Vogue Apparel,Warehouse B,North,1,87.8,18.0,250,87.8,26.12,On Time
ORD-10402,2023-08-05,2023-08-08,Wireless Earbuds,Electronics,TechCorp,Warehouse B,North,1,667.72,37.5,190,667.72,214.95,On Time
ORD-10403,2023-08-06,2023-08-08,Wireless Earbuds,Electronics,TechCorp,Warehouse A,East,1,632.84,25.0,127,632.84,208.99,On Time
ORD-10404,2023-08-06,2023-08-10,Running Shoes,Clothing,Vogue Apparel,Warehouse C,West,4,83.36,12.0,331,333.45,127.38,On Time
ORD-10405,2023-08-06,2023-08-07,Winter Jacket,Clothing,Vogue Apparel,Warehouse A,North,1,95.38,18.0,372,95.38,29.15,On Time
ORD-10406,2023-08-08,2023-08-12,Winter Jacket,Clothing,Vogue Apparel,Warehouse C,West,1,78.18,12.0,74,78.18,25.27,On Time
ORD-10407,2023-08-11,2023-08-19,Bookshelf,Furniture,TimberCraft,Warehouse B,North,2,385.15,112.5,106,770.31,97.81,Delayed
ORD-10408,2023-08-12,2023-08-22,Smart Watch Band,Accessories,Apex Goods,Warehouse B,East,3,99.33,12.0,36,297.98,128.09,Delayed
ORD-10409,2023-08-12,2023-08-13,Bulk Almonds,Grocery,FreshFoods,Warehouse A,North,5,31.53,12.0,3,157.64,6.61,On Time
ORD-10410,2023-08-13,2023-08-16,Leather Wallet,Accessories,Apex Goods,Warehouse A,South,5,55.32,12.0,76,276.58,118.46,On Time
ORD-10411,2023-08-13,2023-08-17,Energy Drinks,Grocery,FreshFoods,Warehouse C,South,5,10.55,8.0,290,52.73,0.22,On Time
ORD-10412,2023-08-14,2023-08-15,Denim Jeans,Clothing,Vogue Apparel,Warehouse B,East,4,64.47,12.0,232,257.88,97.15,On Time
ORD-10413,2023-08-14,2023-08-18,4K Monitor,Electronics,TechCorp,Warehouse B,North,2,711.09,37.5,46,1422.19,479.02,On Time
ORD-10414,2023-08-14,2023-08-31,4K Monitor,Electronics,TechCorp,Warehouse B,East,3,918.01,25.0,57,2754.04,951.41,Critical Delay
ORD-10415,2023-08-16,2023-08-18,Bulk Almonds,Grocery,FreshFoods,Warehouse B,North,8,19.91,12.0,223,159.24,6.74,On Time
ORD-10416,2023-08-16,2023-08-20,Bulk Almonds,Grocery,FreshFoods,Warehouse B,North,12,14.26,12.0,370,171.08,7.69,On Time
ORD-10417,2023-08-17,2023-08-21,Energy Drinks,Grocery,FreshFoods,Warehouse B,North,14,26.44,12.0,36,370.22,23.62,On Time
ORD-10418,2023-08-18,2023-08-20,4K Monitor,Electronics,TechCorp,Warehouse C,West,2,696.04,25.0,64,1392.09,474.73,On Time
ORD-10419,2023-08-19,2023-08-21,Office Chair,Furniture,TimberCraft,Warehouse C,South,1,425.92,75.0,22,425.92,47.68,On Time
ORD-10420,2023-08-19,2023-08-28,Laptop Pro,Electronics,TechCorp,Warehouse B,North,2,820.23,37.5,250,1640.47,555.41,Delayed
ORD-10421,2023-08-19,2023-08-23,Winter Jacket,Clothing,Vogue Apparel,Warehouse C,East,4,67.67,12.0,278,270.67,102.27,On Time
ORD-10422,2023-08-20,2023-08-27,4K Monitor,Electronics,TechCorp,Warehouse B,North,1,467.79,37.5,343,467.79,144.98,Delayed
ORD-10423,2023-08-20,2023-08-23,Wireless Earbuds,Electronics,TechCorp,Warehouse B,North,2,209.83,37.5,190,419.66,128.13,On Time
ORD-10424,2023-08-21,2023-08-26,Office Chair,Furniture,TimberCraft,Warehouse C,West,1,493.56,75.0,58,493.56,61.21,On Time
ORD-10425,2023-08-21,2023-08-26,Smartphone X,Electronics,TechCorp,Warehouse A,East,1,657.96,25.0,355,657.96,217.79,On Time
ORD-10426,2023-08-23,2023-09-09,Wireless Earbuds,Electronics,TechCorp,Warehouse B,North,2,1089.0,37.5,181,2178.0,743.55,Critical Delay
ORD-10427,2023-08-23,2023-08-24,Denim Jeans,Clothing,Vogue Apparel,Warehouse A,North,1,85.54,18.0,218,85.54,25.22,On Time
ORD-10428,2023-08-24,2023-08-25,Running Shoes,Clothing,Vogue Apparel,Warehouse B,North,2,120.86,18.0,359,241.73,87.69,On Time
ORD-10429,2023-08-24,2023-08-29,Smartphone X,Electronics,TechCorp,Warehouse A,South,2,465.56,25.0,293,931.12,313.39,On Time
ORD-10430,2023-08-24,2023-08-27,Smart Watch Band,Accessories,Apex Goods,Warehouse B,South,4,37.34,12.0,244,149.38,61.22,On Time
ORD-10431,2023-08-25,2023-08-30,Winter Jacket,Clothing,Vogue Apparel,Warehouse C,East,5,104.44,12.0,167,522.21,202.88,On Time
ORD-10432,2023-08-25,2023-08-30,Smartphone X,Electronics,TechCorp,Warehouse B,North,3,644.84,37.5,57,1934.52,658.33,On Time
ORD-10433,2023-08-26,2023-08-29,Energy Drinks,Grocery,FreshFoods,Warehouse B,West,10,32.89,8.0,279,328.87,22.31,On Time
ORD-10434,2023-08-26,2023-09-12,Bulk Almonds,Grocery,FreshFoods,Warehouse B,East,5,13.0,8.0,65,64.99,1.2,Critical Delay
ORD-10435,2023-08-27,2023-08-30,Energy Drinks,Grocery,FreshFoods,Warehouse C,West,11,31.57,8.0,103,347.24,23.78,On Time
ORD-10436,2023-08-30,2023-09-04,Laptop Pro,Electronics,TechCorp,Warehouse B,North,1,659.34,37.5,207,659.34,212.02,On Time
ORD-10437,2023-08-30,2023-09-04,Ergonomic Desk,Furniture,TimberCraft,Warehouse A,South,2,235.29,75.0,237,470.58,56.62,On Time
ORD-10438,2023-08-30,2023-09-02,Bulk Almonds,Grocery,FreshFoods,Warehouse C,East,5,22.63,8.0,7,113.13,-16.97,On Time
ORD-10439,2023-08-30,2023-09-06,Wireless Earbuds,Electronics,TechCorp,Warehouse B,East,3,444.66,25.0,236,1333.97,454.39,Delayed
ORD-10440,2023-08-30,2023-09-01,Denim Jeans,Clothing,Vogue Apparel,Warehouse B,North,5,102.04,18.0,295,510.18,195.07,On Time
ORD-10441,2023-08-30,2023-09-04,Energy Drinks,Grocery,FreshFoods,Warehouse A,South,14,37.35,8.0,3,522.92,37.83,On Time
ORD-10442,2023-08-31,2023-09-15,Smartphone X,Electronics,TechCorp,Warehouse B,North,2,324.87,37.5,185,649.74,208.66,Critical Delay
ORD-10443,2023-09-01,2023-09-06,Office Chair,Furniture,TimberCraft,Warehouse A,West,1,276.3,75.0,239,276.3,17.76,On Time
ORD-10444,2023-09-01,2023-09-03,Energy Drinks,Grocery,FreshFoods,Warehouse B,North,6,37.75,12.0,148,226.53,12.12,On Time
ORD-10445,2023-09-02,2023-09-13,Office Chair,Furniture,TimberCraft,Warehouse B,North,2,347.31,112.5,101,694.63,82.68,Critical Delay
ORD-10446,2023-09-03,2023-09-04,Winter Jacket,Clothing,Vogue Apparel,Warehouse A,West,1,60.84,12.0,256,60.84,-9.13,On Time
ORD-10447,2023-09-03,2023-09-05,Smartphone X,Electronics,TechCorp,Warehouse C,East,1,435.38,25.0,43,435.38,139.88,On Time
ORD-10448,2023-09-04,2023-09-07,Organic Coffee,Grocery,FreshFoods,Warehouse C,South,13,20.14,8.0,237,261.76,16.94,On Time
ORD-10449,2023-09-04,2023-09-07,Backpack,Accessories,Apex Goods,Warehouse A,West,2,20.3,12.0,197,40.6,12.27,On Time
ORD-10450,2023-09-06,2023-09-10,Winter Jacket,Clothing,Vogue Apparel,Warehouse A,North,2,33.45,18.0,151,66.9,17.76,On Time
ORD-10451,2023-09-06,2023-09-10,Winter Jacket,Clothing,Vogue Apparel,Warehouse A,West,3,80.98,12.0,329,242.93,91.17,On Time
ORD-10452,2023-09-07,2023-09-18,Laptop Pro,Electronics,TechCorp,Warehouse B,North,3,307.22,37.5,126,921.67,303.83,Critical Delay
ORD-10453,2023-09-07,2023-09-20,Running Shoes,Clothing,Vogue Apparel,Warehouse B,North,1,66.03,18.0,85,66.03,17.41,Critical Delay
ORD-10454,2023-09-08,2023-09-25,Laptop Pro,Electronics,TechCorp,Warehouse B,North,3,1090.97,37.5,68,3272.92,1126.77,Critical Delay
ORD-10455,2023-09-08,2023-09-12,Energy Drinks,Grocery,FreshFoods,Warehouse B,North,7,41.94,12.0,101,293.6,17.49,On Time
ORD-10456,2023-09-10,2023-09-11,Winter Jacket,Clothing,Vogue Apparel,Warehouse C,South,2,119.08,12.0,190,238.15,89.26,On Time
ORD-10457,2023-09-10,2023-09-24,Backpack,Accessories,Apex Goods,Warehouse B,North,1,54.84,18.0,133,54.84,-8.23,Critical Delay
ORD-10458,2023-09-10,2023-09-26,Bulk Almonds,Grocery,FreshFoods,Warehouse B,East,11,15.84,8.0,133,174.28,9.94,Critical Delay
ORD-10459,2023-09-11,2023-09-25,Leather Wallet,Accessories,Apex Goods,Warehouse B,North,5,124.71,18.0,372,623.57,271.61,Critical Delay
ORD-10460,2023-09-11,2023-09-20,Winter Jacket,Clothing,Vogue Apparel,Warehouse B,East,1,147.07,12.0,308,147.07,52.83,Delayed
ORD-10461,2023-09-11,2023-09-16,Wireless Earbuds,Electronics,TechCorp,Warehouse B,North,2,1181.38,37.5,198,2362.77,808.22,On Time
ORD-10462,2023-09-13,2023-09-24,Wireless Earbuds,Electronics,TechCorp,Warehouse B,North,3,256.63,37.5,149,769.88,250.71,Critical Delay
ORD-10463,2023-09-13,2023-09-16,Denim Jeans,Clothing,Vogue Apparel,Warehouse C,East,5,66.96,12.0,274,334.79,127.92,On Time
ORD-10464,2023-09-15,2023-09-19,Leather Wallet,Accessories,Apex Goods,Warehouse B,South,4,64.82,12.0,317,259.28,110.68,On Time
ORD-10465,2023-09-16,2023-09-19,Bulk Almonds,Grocery,FreshFoods,Warehouse B,East,12,15.77,8.0,200,189.27,-28.39,On Time
ORD-10466,2023-09-16,2023-09-19,Office Chair,Furniture,TimberCraft,Warehouse B,North,1,165.0,112.5,300,165.0,-23.25,On Time
ORD-10467,2023-09-18,2023-09-22,Bulk Almonds,Grocery,FreshFoods,Warehouse B,North,7,27.41,12.0,6,191.88,9.35,On Time
ORD-10468,2023-09-18,2023-09-22,Denim Jeans,Clothing,Vogue Apparel,Warehouse C,East,4,69.78,12.0,125,279.11,105.64,On Time
ORD-10469,2023-09-18,2023-09-21,Wireless Earbuds,Electronics,TechCorp,Warehouse A,East,1,938.93,25.0,372,938.93,316.13,On Time
ORD-10470,2023-09-19,2023-09-20,Organic Coffee,Grocery,FreshFoods,Warehouse A,North,14,49.83,12.0,1,697.56,49.8,On Time
ORD-10471,2023-09-20,2023-10-02,Backpack,Accessories,Apex Goods,Warehouse B,West,4,96.21,12.0,266,384.84,167.18,Critical Delay
ORD-10472,2023-09-20,2023-09-21,Running Shoes,Clothing,Vogue Apparel,Warehouse C,South,2,90.58,12.0,232,181.16,66.46,On Time
ORD-10473,2023-09-20,2023-09-29,Smartphone X,Electronics,TechCorp,Warehouse B,North,1,606.33,37.5,205,606.33,193.47,Delayed
ORD-10474,2023-09-21,2023-10-02,4K Monitor,Electronics,TechCorp,Warehouse B,West,1,485.4,25.0,229,485.4,157.39,Critical Delay
ORD-10475,2023-09-22,2023-10-06,Leather Wallet,Accessories,Apex Goods,Warehouse B,North,5,107.54,18.0,352,537.72,232.97,Critical Delay
ORD-10476,2023-09-23,2023-09-27,Office Chair,Furniture,TimberCraft,Warehouse C,East,1,184.83,75.0,162,184.83,-0.53,On Time
ORD-10477,2023-09-23,2023-09-25,Laptop Pro,Electronics,TechCorp,Warehouse B,West,3,1165.61,25.0,234,3496.83,1211.39,On Time
ORD-10478,2023-09-25,2023-09-30,Bulk Almonds,Grocery,FreshFoods,Warehouse B,North,5,39.68,12.0,313,198.4,9.87,On Time
ORD-10479,2023-09-25,2023-10-05,Denim Jeans,Clothing,Vogue Apparel,Warehouse B,West,4,120.34,12.0,36,481.35,186.54,Delayed
ORD-10480,2023-09-26,2023-10-13,Smartphone X,Electronics,TechCorp,Warehouse B,West,3,742.03,25.0,104,2226.08,766.63,Critical Delay
ORD-10481,2023-09-27,2023-09-30,4K Monitor,Electronics,TechCorp,Warehouse A,South,1,845.15,25.0,50,845.15,283.3,On Time
ORD-10482,2023-09-27,2023-10-02,4K Monitor,Electronics,TechCorp,Warehouse B,North,1,249.51,37.5,199,249.51,68.58,On Time
ORD-10483,2023-09-27,2023-10-06,Organic Coffee,Grocery,FreshFoods,Warehouse B,West,14,30.13,8.0,0,421.8,29.74,Delayed
ORD-10484,2023-09-29,2023-10-02,Bulk Almonds,Grocery,FreshFoods,Warehouse A,North,10,12.92,12.0,5,129.16,4.33,On Time
ORD-10485,2023-09-30,2023-10-04,Bulk Almonds,Grocery,FreshFoods,Warehouse A,West,12,44.66,8.0,391,535.9,38.87,On Time
ORD-10486,2023-10-01,2023-10-06,Office Chair,Furniture,TimberCraft,Warehouse A,North,1,205.08,112.5,197,205.08,-15.23,On Time
ORD-10487,2023-10-02,2023-10-04,Leather Wallet,Accessories,Apex Goods,Warehouse C,West,1,103.1,12.0,324,103.1,40.39,On Time
ORD-10488,2023-10-03,2023-10-04,Smart Watch Band,Accessories,Apex Goods,Warehouse C,East,2,40.91,12.0,264,81.82,30.82,On Time
ORD-10489,2023-10-04,2023-10-07,4K Monitor,Electronics,TechCorp,Warehouse B,North,2,1150.28,37.5,177,2300.56,786.45,On Time
ORD-10490,2023-10-04,2023-10-05,Office Chair,Furniture,TimberCraft,Warehouse B,West,2,122.17,75.0,208,244.35,11.37,On Time
ORD-10491,2023-10-04,2023-10-07,Leather Wallet,Accessories,Apex Goods,Warehouse B,East,2,33.89,12.0,30,67.77,24.5,On Time
ORD-10492,2023-10-05,2023-10-08,Smartphone X,Electronics,TechCorp,Warehouse A,South,3,889.58,25.0,31,2668.75,921.56,On Time
ORD-10493,2023-10-06,2023-10-07,Winter Jacket,Clothing,Vogue Apparel,Warehouse A,West,3,84.68,12.0,85,254.03,95.61,On Time
ORD-10494,2023-10-07,2023-10-12,Bulk Almonds,Grocery,FreshFoods,Warehouse B,North,11,21.44,12.0,245,235.88,12.87,On Time
ORD-10495,2023-10-07,2023-10-08,4K Monitor,Electronics,TechCorp,Warehouse B,West,3,922.68,25.0,125,2768.05,956.32,On Time
ORD-10496,2023-10-08,2023-10-19,4K Monitor,Electronics,TechCorp,Warehouse B,North,1,1176.49,37.5,135,1176.49,393.02,Critical Delay
ORD-10497,2023-10-09,2023-10-10,Bulk Almonds,Grocery,FreshFoods,Warehouse B,East,9,31.12,8.0,286,280.1,18.41,On Time
ORD-10498,2023-10-10,2023-10-18,Denim Jeans,Clothing,Vogue Apparel,Warehouse B,North,5,106.71,18.0,133,533.53,204.41,Delayed
ORD-10499,2023-10-11,2023-10-14,Bulk Almonds,Grocery,FreshFoods,Warehouse B,East,14,14.48,8.0,213,202.73,12.22,On Time
ORD-10500,2023-10-12,2023-10-16,Wireless Earbuds,Electronics,TechCorp,Warehouse B,East,2,227.47,25.0,210,454.94,146.73,On Time
ORD-10501,2023-10-12,2023-10-20,4K Monitor,Electronics,TechCorp,Warehouse B,North,2,402.87,37.5,230,805.75,263.26,Delayed
ORD-10502,2023-10-12,2023-10-19,Organic Coffee,Grocery,FreshFoods,Warehouse B,West,7,18.19,8.0,0,127.32,6.19,Delayed
ORD-10503,2023-10-12,2023-10-19,Bulk Almonds,Grocery,FreshFoods,Warehouse B,South,8,32.46,8.0,356,259.71,16.78,Delayed
ORD-10504,2023-10-13,2023-10-15,4K Monitor,Electronics,TechCorp,Warehouse B,South,1,345.63,25.0,377,345.63,108.47,On Time
ORD-10505,2023-10-13,2023-10-18,Wireless Earbuds,Electronics,TechCorp,Warehouse A,East,1,1042.19,25.0,399,1042.19,352.27,On Time
ORD-10506,2023-10-14,2023-10-16,Leather Wallet,Accessories,Apex Goods,Warehouse C,East,3,140.47,12.0,239,421.4,183.63,On Time
ORD-10507,2023-10-14,2023-10-16,Leather Wallet,Accessories,Apex Goods,Warehouse C,East,2,33.63,12.0,122,67.26,24.27,On Time
ORD-10508,2023-10-14,2023-10-16,Smartphone X,Electronics,TechCorp,Warehouse C,East,2,390.38,25.0,72,780.76,260.77,On Time
ORD-10509,2023-10-15,2023-10-17,Leather Wallet,Accessories,Apex Goods,Warehouse B,North,4,95.21,18.0,383,380.85,-57.13,On Time
ORD-10510,2023-10-15,2023-10-17,4K Monitor,Electronics,TechCorp,Warehouse C,South,1,1093.97,25.0,309,1093.97,370.39,On Time
ORD-10511,2023-10-16,2023-10-19,Bulk Almonds,Grocery,FreshFoods,Warehouse C,South,14,16.77,8.0,8,234.75,-35.21,On Time
ORD-10512,2023-10-16,2023-10-21,Backpack,Accessories,Apex Goods,Warehouse B,North,3,72.04,18.0,303,216.13,-32.42,On Time
ORD-10513,2023-10-18,2023-10-22,Backpack,Accessories,Apex Goods,Warehouse C,West,5,87.56,12.0,277,437.8,191.01,On Time
ORD-10514,2023-10-18,2023-10-23,Leather Wallet,Accessories,Apex Goods,Warehouse B,North,2,142.31,18.0,277,284.63,119.08,On Time
ORD-10515,2023-10-20,2023-10-23,Running Shoes,Clothing,Vogue Apparel,Warehouse A,East,4,67.39,12.0,256,269.57,101.83,On Time
ORD-10516,2023-10-20,2023-11-04,Running Shoes,Clothing,Vogue Apparel,Warehouse B,North,5,93.95,18.0,283,469.73,178.89,Critical Delay
ORD-10517,2023-10-21,2023-10-23,4K Monitor,Electronics,TechCorp,Warehouse C,South,2,519.72,25.0,271,1039.44,351.3,On Time
ORD-10518,2023-10-22,2023-10-27,Bookshelf,Furniture,TimberCraft,Warehouse C,East,2,352.48,75.0,329,704.95,103.49,On Time
ORD-10519,2023-10-22,2023-10-27,Bookshelf,Furniture,TimberCraft,Warehouse C,South,1,244.71,75.0,393,244.71,11.44,On Time
ORD-10520,2023-10-23,2023-10-26,Ergonomic Desk,Furniture,TimberCraft,Warehouse A,West,1,330.87,75.0,281,330.87,28.67,On Time
ORD-10521,2023-10-23,2023-10-26,Denim Jeans,Clothing,Vogue Apparel,Warehouse A,South,2,30.59,12.0,252,61.18,18.47,On Time
ORD-10522,2023-10-23,2023-10-24,Organic Coffee,Grocery,FreshFoods,Warehouse A,West,10,49.16,8.0,225,491.57,35.33,On Time
ORD-10523,2023-10-25,2023-10-28,Smartphone X,Electronics,TechCorp,Warehouse B,South,1,447.46,25.0,377,447.46,144.11,On Time
ORD-10524,2023-10-28,2023-10-31,Energy Drinks,Grocery,FreshFoods,Warehouse A,West,14,37.91,8.0,6,530.8,38.46,On Time
ORD-10525,2023-10-29,2023-11-02,Winter Jacket,Clothing,Vogue Apparel,Warehouse B,West,5,79.57,12.0,394,397.83,153.13,On Time
ORD-10526,2023-10-29,2023-10-30,Leather Wallet,Accessories,Apex Goods,Warehouse C,South,4,53.4,12.0,242,213.6,90.12,On Time
ORD-10527,2023-10-29,2023-11-03,Energy Drinks,Grocery,FreshFoods,Warehouse A,East,13,47.42,8.0,50,616.47,-92.47,On Time
ORD-10528,2023-10-29,2023-11-01,Leather Wallet,Accessories,Apex Goods,Warehouse A,West,1,88.91,12.0,66,88.91,34.01,On Time
ORD-10529,2023-10-30,2023-10-31,Backpack,Accessories,Apex Goods,Warehouse B,North,1,31.46,18.0,308,31.46,5.16,On Time
ORD-10530,2023-10-30,2023-11-03,Office Chair,Furniture,TimberCraft,Warehouse C,South,2,276.15,75.0,133,552.3,72.96,On Time
ORD-10531,2023-10-30,2023-11-03,Backpack,Accessories,Apex Goods,Warehouse B,East,1,86.57,12.0,319,86.57,32.96,On Time
ORD-10532,2023-10-31,2023-11-04,Ergonomic Desk,Furniture,TimberCraft,Warehouse B,North,1,394.1,112.5,141,394.1,22.57,On Time
ORD-10533,2023-11-01,2023-11-05,Wireless Earbuds,Electronics,TechCorp,Warehouse B,North,1,930.13,37.5,365,930.13,306.8,On Time
ORD-10534,2023-11-01,2023-11-04,Backpack,Accessories,Apex Goods,Warehouse A,West,5,93.08,12.0,333,465.39,203.43,On Time
ORD-10535,2023-11-01,2023-11-13,Smart Watch Band,Accessories,Apex Goods,Warehouse B,East,5,105.39,12.0,350,526.93,231.12,Critical Delay
ORD-10536,2023-11-02,2023-11-10,Bulk Almonds,Grocery,FreshFoods,Warehouse B,North,12,22.81,12.0,150,273.74,15.9,Delayed
ORD-10537,2023-11-03,2023-11-20,Leather Wallet,Accessories,Apex Goods,Warehouse B,East,3,143.27,12.0,64,429.8,187.41,Critical Delay
ORD-10538,2023-11-04,2023-11-06,Smart Watch Band,Accessories,Apex Goods,Warehouse B,East,3,104.18,12.0,194,312.53,134.64,On Time
ORD-10539,2023-11-04,2023-11-06,Energy Drinks,Grocery,FreshFoods,Warehouse A,South,9,35.19,8.0,5,316.75,21.34,On Time
ORD-10540,2023-11-05,2023-11-06,Winter Jacket,Clothing,Vogue Apparel,Warehouse A,West,2,98.49,12.0,330,196.99,72.8,On Time
ORD-10541,2023-11-07,2023-11-08,Ergonomic Desk,Furniture,TimberCraft,Warehouse C,South,2,158.09,75.0,113,316.18,25.74,On Time
ORD-10542,2023-11-07,2023-11-10,Smart Watch Band,Accessories,Apex Goods,Warehouse A,West,4,124.99,12.0,160,499.97,218.99,On Time
ORD-10543,2023-11-07,2023-11-15,Bulk Almonds,Grocery,FreshFoods,Warehouse B,North,6,41.96,12.0,53,251.78,14.14,Delayed
ORD-10544,2023-11-07,2023-11-12,Leather Wallet,Accessories,Apex Goods,Warehouse A,East,4,114.87,12.0,121,459.48,200.77,On Time
ORD-10545,2023-11-08,2023-11-11,Backpack,Accessories,Apex Goods,Warehouse B,North,1,21.18,18.0,345,21.18,0.53,On Time
ORD-10546,2023-11-08,2023-11-15,Running Shoes,Clothing,Vogue Apparel,Warehouse B,East,5,124.65,12.0,305,623.23,243.29,Delayed
ORD-10547,2023-11-09,2023-11-12,Winter Jacket,Clothing,Vogue Apparel,Warehouse B,North,5,61.25,18.0,71,306.24,113.5,On Time
ORD-10548,2023-11-09,2023-11-11,Bulk Almonds,Grocery,FreshFoods,Warehouse C,South,9,40.2,8.0,172,361.78,24.94,On Time
ORD-10549,2023-11-09,2023-11-13,Winter Jacket,Clothing,Vogue Apparel,Warehouse B,North,5,92.82,18.0,173,464.08,176.63,On Time
ORD-10550,2023-11-10,2023-11-13,Smartphone X,Electronics,TechCorp,Warehouse B,East,1,1025.6,25.0,363,1025.6,346.46,On Time
ORD-10551,2023-11-11,2023-11-28,Backpack,Accessories,Apex Goods,Warehouse B,East,1,76.89,12.0,308,76.89,28.6,Critical Delay
ORD-10552,2023-11-12,2023-11-29,Bookshelf,Furniture,TimberCraft,Warehouse B,North,2,441.76,112.5,210,883.52,120.45,Critical Delay
ORD-10553,2023-11-13,2023-11-15,Denim Jeans,Clothing,Vogue Apparel,Warehouse A,South,3,67.58,12.0,245,202.75,75.1,On Time
ORD-10554,2023-11-14,2023-11-15,Bookshelf,Furniture,TimberCraft,Warehouse C,West,2,447.82,75.0,312,895.63,141.63,On Time
ORD-10555,2023-11-14,2023-11-19,Laptop Pro,Electronics,TechCorp,Warehouse A,East,3,622.7,25.0,377,1868.11,641.34,On Time
ORD-10556,2023-11-14,2023-11-17,Bulk Almonds,Grocery,FreshFoods,Warehouse A,East,10,16.87,8.0,58,168.67,9.49,On Time
ORD-10557,2023-11-14,2023-11-19,Bulk Almonds,Grocery,FreshFoods,Warehouse A,South,12,47.91,8.0,330,574.97,42.0,On Time
ORD-10558,2023-11-14,2023-11-17,4K Monitor,Electronics,TechCorp,Warehouse B,South,3,994.13,25.0,75,2982.4,1031.34,On Time
ORD-10559,2023-11-16,2023-11-18,Leather Wallet,Accessories,Apex Goods,Warehouse C,West,2,131.67,12.0,124,263.33,112.5,On Time
ORD-10560,2023-11-17,2023-11-26,4K Monitor,Electronics,TechCorp,Warehouse B,South,2,520.57,25.0,84,1041.14,351.9,Delayed
ORD-10561,2023-11-17,2023-11-18,Ergonomic Desk,Furniture,TimberCraft,Warehouse C,East,1,402.72,75.0,101,402.72,43.04,On Time
ORD-10562,2023-11-17,2023-12-03,Laptop Pro,Electronics,TechCorp,Warehouse B,North,3,241.64,37.5,227,724.93,234.98,Critical Delay
ORD-10563,2023-11-20,2023-11-22,4K Monitor,Electronics,TechCorp,Warehouse A,North,3,1064.4,37.5,356,3193.21,1098.87,On Time
ORD-10564,2023-11-20,2023-11-22,Denim Jeans,Clothing,Vogue Apparel,Warehouse B,North,3,29.46,18.0,223,88.37,26.35,On Time
ORD-10565,2023-11-20,2023-11-24,Winter Jacket,Clothing,Vogue Apparel,Warehouse C,East,2,66.22,12.0,356,132.44,46.98,On Time
ORD-10566,2023-11-22,2023-12-07,Laptop Pro,Electronics,TechCorp,Warehouse B,South,1,998.48,25.0,399,998.48,336.97,Critical Delay
ORD-10567,2023-11-23,2023-11-28,Denim Jeans,Clothing,Vogue Apparel,Warehouse B,North,3,73.96,18.0,258,221.89,79.76,On Time
ORD-10568,2023-11-24,2023-11-29,Leather Wallet,Accessories,Apex Goods,Warehouse B,West,2,24.57,12.0,347,49.14,16.11,On Time
ORD-10569,2023-11-24,2023-12-11,Smart Watch Band,Accessories,Apex Goods,Warehouse B,South,4,141.35,12.0,96,565.4,248.43,Critical Delay
ORD-10570,2023-11-24,2023-11-26,Winter Jacket,Clothing,Vogue Apparel,Warehouse B,North,1,94.12,18.0,340,94.12,28.65,On Time
ORD-10571,2023-11-25,2023-11-29,Laptop Pro,Electronics,TechCorp,Warehouse A,West,2,487.4,25.0,234,974.81,328.68,On Time
ORD-10572,2023-11-25,2023-11-28,Running Shoes,Clothing,Vogue Apparel,Warehouse C,West,4,149.9,12.0,244,599.59,233.84,On Time
ORD-10573,2023-11-25,2023-11-29,Bulk Almonds,Grocery,FreshFoods,Warehouse A,North,8,46.23,12.0,173,369.84,23.59,On Time
ORD-10574,2023-11-26,2023-12-12,Smartphone X,Electronics,TechCorp,Warehouse B,West,3,364.73,25.0,120,1094.19,370.47,Critical Delay
ORD-10575,2023-11-26,2023-11-27,Laptop Pro,Electronics,TechCorp,Warehouse C,South,1,703.13,25.0,362,703.13,233.6,On Time
ORD-10576,2023-11-27,2023-12-02,Backpack,Accessories,Apex Goods,Warehouse A,West,2,73.34,12.0,84,146.68,60.01,On Time
ORD-10577,2023-11-30,2023-12-02,Bookshelf,Furniture,TimberCraft,Warehouse A,South,1,499.28,75.0,388,499.28,62.36,On Time
ORD-10578,2023-11-30,2023-12-05,4K Monitor,Electronics,TechCorp,Warehouse B,North,3,735.41,37.5,29,2206.24,753.43,On Time
ORD-10579,2023-11-30,2023-12-04,4K Monitor,Electronics,TechCorp,Warehouse B,North,1,995.54,37.5,151,995.54,329.69,On Time
ORD-10580,2023-12-01,2023-12-03,Backpack,Accessories,Apex Goods,Warehouse C,East,2,141.18,12.0,345,282.35,121.06,On Time
ORD-10581,2023-12-01,2023-12-03,Organic Coffee,Grocery,FreshFoods,Warehouse B,North,6,26.2,12.0,27,157.2,6.58,On Time
ORD-10582,2023-12-01,2023-12-03,4K Monitor,Electronics,TechCorp,Warehouse C,South,1,359.39,25.0,197,359.39,113.29,On Time
ORD-10583,2023-12-02,2023-12-15,Energy Drinks,Grocery,FreshFoods,Warehouse B,South,11,43.5,8.0,353,478.48,34.28,Critical Delay
ORD-10584,2023-12-02,2023-12-05,Backpack,Accessories,Apex Goods,Warehouse A,East,3,62.51,12.0,172,187.53,78.39,On Time
ORD-10585,2023-12-02,2023-12-03,Energy Drinks,Grocery,FreshFoods,Warehouse A,North,14,42.58,12.0,32,596.16,41.69,On Time
ORD-10586,2023-12-02,2023-12-04,4K Monitor,Electronics,TechCorp,Warehouse A,East,3,627.51,25.0,201,1882.52,646.38,On Time
ORD-10587,2023-12-03,2023-12-16,Backpack,Accessories,Apex Goods,Warehouse B,South,2,44.84,12.0,124,89.69,34.36,Critical Delay
ORD-10588,2023-12-04,2023-12-06,Denim Jeans,Clothing,Vogue Apparel,Warehouse C,West,4,141.77,12.0,182,567.06,220.82,On Time
ORD-10589,2023-12-04,2023-12-06,Bulk Almonds,Grocery,FreshFoods,Warehouse A,South,6,43.4,8.0,7,260.38,16.83,On Time
ORD-10590,2023-12-04,2023-12-05,Energy Drinks,Grocery,FreshFoods,Warehouse A,South,12,37.22,8.0,255,446.67,-67.0,On Time
ORD-10591,2023-12-04,2023-12-08,Office Chair,Furniture,TimberCraft,Warehouse A,West,2,461.33,75.0,158,922.67,147.03,On Time
ORD-10592,2023-12-04,2023-12-14,Smartphone X,Electronics,TechCorp,Warehouse B,North,2,872.33,37.5,67,1744.65,591.88,Delayed
ORD-10593,2023-12-05,2023-12-07,Leather Wallet,Accessories,Apex Goods,Warehouse A,South,1,69.69,12.0,275,69.69,25.36,On Time
ORD-10594,2023-12-05,2023-12-17,Bookshelf,Furniture,TimberCraft,Warehouse B,North,1,121.38,112.5,47,121.38,-31.97,Critical Delay
ORD-10595,2023-12-06,2023-12-11,Ergonomic Desk,Furniture,TimberCraft,Warehouse B,East,1,101.88,75.0,171,101.88,-17.12,On Time
ORD-10596,2023-12-07,2023-12-10,Smart Watch Band,Accessories,Apex Goods,Warehouse A,East,3,78.08,12.0,103,234.24,99.41,On Time
ORD-10597,2023-12-07,2023-12-11,Organic Coffee,Grocery,FreshFoods,Warehouse C,East,5,31.25,8.0,357,156.27,8.5,On Time
ORD-10598,2023-12-08,2023-12-09,Laptop Pro,Electronics,TechCorp,Warehouse A,West,3,860.47,25.0,253,2581.41,890.99,On Time
ORD-10599,2023-12-08,2023-12-12,Running Shoes,Clothing,Vogue Apparel,Warehouse C,South,1,127.63,12.0,169,127.63,45.05,On Time
ORD-10600,2023-12-08,2023-12-13,Bulk Almonds,Grocery,FreshFoods,Warehouse A,South,9,28.9,8.0,291,260.13,16.81,On Time
ORD-10601,2023-12-08,2023-12-10,Backpack,Accessories,Apex Goods,Warehouse B,North,4,40.75,18.0,380,163.01,64.35,On Time
ORD-10602,2023-12-09,2023-12-10,Ergonomic Desk,Furniture,TimberCraft,Warehouse C,East,1,174.71,75.0,102,174.71,-2.56,On Time
ORD-10603,2023-12-10,2023-12-26,Bookshelf,Furniture,TimberCraft,Warehouse B,North,2,196.5,112.5,348,393.0,22.35,Critical Delay
ORD-10604,2023-12-11,2023-12-12,Smartphone X,Electronics,TechCorp,Warehouse A,South,3,441.35,25.0,71,1324.05,450.92,On Time
ORD-10605,2023-12-11,2023-12-15,Denim Jeans,Clothing,Vogue Apparel,Warehouse C,West,5,123.05,12.0,319,615.23,240.09,On Time
ORD-10606,2023-12-12,2023-12-15,Office Chair,Furniture,TimberCraft,Warehouse B,North,2,203.76,112.5,383,407.52,25.25,On Time
ORD-10607,2023-12-12,2023-12-13,Bookshelf,Furniture,TimberCraft,Warehouse A,South,2,365.45,75.0,30,730.9,108.68,On Time
ORD-10608,2023-12-12,2023-12-13,4K Monitor,Electronics,TechCorp,Warehouse A,West,1,929.52,25.0,228,929.52,312.83,On Time
ORD-10609,2023-12-13,2023-12-14,Denim Jeans,Clothing,Vogue Apparel,Warehouse A,West,1,80.81,12.0,163,80.81,26.32,On Time
ORD-10610,2023-12-14,2023-12-27,Running Shoes,Clothing,Vogue Apparel,Warehouse B,East,2,79.82,12.0,289,159.63,57.85,Critical Delay
ORD-10611,2023-12-14,2023-12-18,Bookshelf,Furniture,TimberCraft,Warehouse B,South,1,469.8,75.0,42,469.8,56.46,On Time
ORD-10612,2023-12-15,2023-12-19,Smartphone X,Electronics,TechCorp,Warehouse C,West,2,1074.42,25.0,234,2148.83,739.59,On Time
ORD-10613,2023-12-15,2023-12-16,Winter Jacket,Clothing,Vogue Apparel,Warehouse C,South,3,105.02,12.0,285,315.06,120.02,On Time
ORD-10614,2023-12-16,2023-12-21,Leather Wallet,Accessories,Apex Goods,Warehouse A,South,2,25.61,12.0,273,51.22,17.05,On Time
ORD-10615,2023-12-16,2023-12-20,Smartphone X,Electronics,TechCorp,Warehouse A,North,2,521.54,37.5,349,1043.08,346.33,On Time
ORD-10616,2023-12-16,2023-12-21,Office Chair,Furniture,TimberCraft,Warehouse A,South,1,311.22,75.0,177,311.22,24.74,On Time
ORD-10617,2023-12-16,2023-12-18,Leather Wallet,Accessories,Apex Goods,Warehouse C,South,4,87.23,12.0,250,348.9,151.0,On Time
ORD-10618,2023-12-17,2023-12-18,Bulk Almonds,Grocery,FreshFoods,Warehouse B,North,14,45.18,12.0,297,632.5,44.6,On Time
ORD-10619,2023-12-19,2023-12-21,Wireless Earbuds,Electronics,TechCorp,Warehouse B,East,2,754.13,25.0,307,1508.25,515.39,On Time
ORD-10620,2023-12-19,2023-12-23,Laptop Pro,Electronics,TechCorp,Warehouse A,West,3,974.25,25.0,339,2922.75,1010.46,On Time
ORD-10621,2023-12-19,2023-12-23,Smartphone X,Electronics,TechCorp,Warehouse C,East,2,1091.2,25.0,372,2182.4,751.34,On Time
ORD-10622,2023-12-20,2023-12-21,Bulk Almonds,Grocery,FreshFoods,Warehouse B,North,7,20.81,12.0,263,145.7,5.66,On Time
ORD-10623,2023-12-22,2023-12-24,Energy Drinks,Grocery,FreshFoods,Warehouse A,South,9,27.54,8.0,367,247.86,15.83,On Time
ORD-10624,2023-12-22,2023-12-27,4K Monitor,Electronics,TechCorp,Warehouse C,South,2,1007.74,25.0,45,2015.48,692.92,On Time
ORD-10625,2023-12-22,2023-12-27,Leather Wallet,Accessories,Apex Goods,Warehouse B,East,4,50.37,12.0,142,201.48,84.67,On Time
ORD-10626,2023-12-23,2023-12-24,Winter Jacket,Clothing,Vogue Apparel,Warehouse B,South,2,38.84,12.0,46,77.68,25.07,On Time
ORD-10627,2023-12-24,2023-12-27,Energy Drinks,Grocery,FreshFoods,Warehouse C,West,9,20.52,8.0,133,184.69,10.78,On Time
ORD-10628,2023-12-26,2024-01-11,Office Chair,Furniture,TimberCraft,Warehouse B,North,1,466.03,112.5,394,466.03,36.96,Critical Delay
ORD-10629,2023-12-26,2023-12-31,Leather Wallet,Accessories,Apex Goods,Warehouse C,West,1,86.18,12.0,222,86.18,32.78,On Time
ORD-10630,2023-12-26,2023-12-28,Energy Drinks,Grocery,FreshFoods,Warehouse C,West,14,47.84,8.0,92,669.8,49.58,On Time
ORD-10631,2023-12-27,2023-12-28,4K Monitor,Electronics,TechCorp,Warehouse B,West,1,209.31,25.0,29,209.31,60.76,On Time
ORD-10632,2023-12-27,2023-12-31,Office Chair,Furniture,TimberCraft,Warehouse B,North,1,364.76,112.5,225,364.76,16.7,On Time
ORD-10633,2023-12-29,2023-12-30,Bookshelf,Furniture,TimberCraft,Warehouse B,North,1,314.15,112.5,176,314.15,6.58,On Time
ORD-10634,2023-12-29,2024-01-03,Bookshelf,Furniture,TimberCraft,Warehouse B,West,2,320.94,75.0,237,641.87,90.87,On Time
ORD-10635,2023-12-29,2024-01-14,Ergonomic Desk,Furniture,TimberCraft,Warehouse B,North,1,230.71,112.5,194,230.71,-10.11,Critical Delay
ORD-10636,2023-12-29,2024-01-03,Bookshelf,Furniture,TimberCraft,Warehouse B,West,2,111.89,75.0,79,223.79,7.26,On Time
ORD-10637,2023-12-30,2023-12-31,Organic Coffee,Grocery,FreshFoods,Warehouse B,East,5,15.62,8.0,76,78.1,2.25,On Time
ORD-10638,2023-12-30,2024-01-02,Backpack,Accessories,Apex Goods,Warehouse A,East,1,33.8,12.0,253,33.8,9.21,On Time
ORD-10639,2023-12-30,2023-12-31,Wireless Earbuds,Electronics,TechCorp,Warehouse A,South,1,839.39,25.0,80,839.39,281.29,On Time
ORD-10640,2023-12-31,2024-01-13,Energy Drinks,Grocery,FreshFoods,Warehouse B,North,8,21.9,12.0,9,175.22,8.02,Critical Delay
ORD-10641,2023-12-31,2024-01-04,Smartphone X,Electronics,TechCorp,Warehouse B,East,1,854.91,25.0,220,854.91,286.72,On Time
ORD-10642,2023-12-31,2024-01-15,Denim Jeans,Clothing,Vogue Apparel,Warehouse B,East,2,45.19,12.0,50,90.39,30.16,Critical Delay
ORD-10643,2024-01-01,2024-01-02,Laptop Pro,Electronics,TechCorp,Warehouse B,North,3,434.06,37.5,327,1302.17,437.01,On Time
ORD-10644,2024-01-03,2024-01-04,Smart Watch Band,Accessories,Apex Goods,Warehouse B,South,5,83.61,12.0,246,418.06,182.13,On Time
ORD-10645,2024-01-05,2024-01-09,Organic Coffee,Grocery,FreshFoods,Warehouse C,East,7,35.83,8.0,396,250.81,16.06,On Time
ORD-10646,2024-01-05,2024-01-06,Energy Drinks,Grocery,FreshFoods,Warehouse B,North,12,45.01,12.0,341,540.17,37.21,On Time
ORD-10647,2024-01-06,2024-01-09,Laptop Pro,Electronics,TechCorp,Warehouse C,West,3,305.7,25.0,383,917.1,308.49,On Time
ORD-10648,2024-01-07,2024-01-09,Denim Jeans,Clothing,Vogue Apparel,Warehouse B,North,5,67.16,18.0,73,335.8,125.32,On Time
ORD-10649,2024-01-08,2024-01-13,Winter Jacket,Clothing,Vogue Apparel,Warehouse C,East,3,136.33,12.0,306,409.0,157.6,On Time
ORD-10650,2024-01-08,2024-01-16,Smartphone X,Electronics,TechCorp,Warehouse B,East,3,938.93,25.0,153,2816.78,973.37,Delayed
ORD-10651,2024-01-09,2024-01-10,Bulk Almonds,Grocery,FreshFoods,Warehouse B,North,8,24.54,12.0,235,196.36,9.71,On Time
ORD-10652,2024-01-09,2024-01-14,Winter Jacket,Clothing,Vogue Apparel,Warehouse A,South,4,59.63,12.0,86,238.52,89.41,On Time
ORD-10653,2024-01-09,2024-01-12,4K Monitor,Electronics,TechCorp,Warehouse B,North,2,890.08,37.5,135,1780.15,604.3,On Time
ORD-10654,2024-01-10,2024-01-15,Denim Jeans,Clothing,Vogue Apparel,Warehouse B,East,2,135.42,12.0,339,270.85,102.34,On Time
ORD-10655,2024-01-10,2024-01-12,Organic Coffee,Grocery,FreshFoods,Warehouse C,West,13,44.43,8.0,9,577.62,42.21,On Time
ORD-10656,2024-01-11,2024-01-15,Wireless Earbuds,Electronics,TechCorp,Warehouse B,North,3,972.09,37.5,170,2916.27,1001.94,On Time
ORD-10657,2024-01-11,2024-01-15,Wireless Earbuds,Electronics,TechCorp,Warehouse A,South,3,467.87,25.0,266,1403.62,478.77,On Time
ORD-10658,2024-01-12,2024-01-24,Smart Watch Band,Accessories,Apex Goods,Warehouse B,West,1,149.52,12.0,161,149.52,61.28,Critical Delay
ORD-10659,2024-01-13,2024-01-14,Energy Drinks,Grocery,FreshFoods,Warehouse B,East,9,23.37,8.0,131,210.29,-31.54,On Time
ORD-10660,2024-01-13,2024-01-18,Energy Drinks,Grocery,FreshFoods,Warehouse A,North,8,13.8,12.0,106,110.43,2.83,On Time
ORD-10661,2024-01-13,2024-01-18,Winter Jacket,Clothing,Vogue Apparel,Warehouse A,East,5,144.52,12.0,210,722.59,283.04,On Time
ORD-10662,2024-01-14,2024-01-18,Ergonomic Desk,Furniture,TimberCraft,Warehouse B,East,1,129.03,75.0,144,129.03,-11.69,On Time
ORD-10663,2024-01-15,2024-01-26,Backpack,Accessories,Apex Goods,Warehouse B,North,4,143.03,18.0,180,572.12,248.45,Critical Delay
ORD-10664,2024-01-15,2024-01-17,Denim Jeans,Clothing,Vogue Apparel,Warehouse B,West,4,83.48,12.0,340,333.92,127.57,On Time
ORD-10665,2024-01-16,2024-01-31,Bookshelf,Furniture,TimberCraft,Warehouse B,East,2,483.64,75.0,245,967.29,155.96,Critical Delay
ORD-10666,2024-01-16,2024-01-20,Energy Drinks,Grocery,FreshFoods,Warehouse B,North,10,43.44,12.0,104,434.37,28.75,On Time
ORD-10667,2024-01-16,2024-01-20,Energy Drinks,Grocery,FreshFoods,Warehouse A,North,14,33.64,12.0,36,470.91,31.67,On Time
ORD-10668,2024-01-16,2024-01-17,4K Monitor,Electronics,TechCorp,Warehouse C,West,2,1145.67,25.0,283,2291.35,789.47,On Time
ORD-10669,2024-01-17,2024-01-20,Energy Drinks,Grocery,FreshFoods,Warehouse A,South,10,30.32,8.0,129,303.16,20.25,On Time
ORD-10670,2024-01-18,2024-01-28,Organic Coffee,Grocery,FreshFoods,Warehouse B,North,12,45.76,12.0,207,549.17,37.93,Delayed
ORD-10671,2024-01-19,2024-01-20,Energy Drinks,Grocery,FreshFoods,Warehouse B,East,8,47.3,8.0,297,378.41,26.27,On Time
ORD-10672,2024-01-20,2024-01-25,Bulk Almonds,Grocery,FreshFoods,Warehouse A,South,5,42.99,8.0,6,214.93,13.19,On Time
ORD-10673,2024-01-20,2024-01-31,Organic Coffee,Grocery,FreshFoods,Warehouse B,West,12,49.61,8.0,344,595.31,-89.3,Critical Delay
ORD-10674,2024-01-21,2024-01-22,Ergonomic Desk,Furniture,TimberCraft,Warehouse A,West,1,439.06,75.0,57,439.06,50.31,On Time
ORD-10675,2024-01-21,2024-01-28,Laptop Pro,Electronics,TechCorp,Warehouse B,North,2,1040.6,37.5,327,2081.21,709.67,Delayed
ORD-10676,2024-01-21,2024-01-23,Leather Wallet,Accessories,Apex Goods,Warehouse A,West,3,31.99,12.0,396,95.98,37.19,On Time
ORD-10677,2024-01-21,2024-01-23,Ergonomic Desk,Furniture,TimberCraft,Warehouse B,North,2,400.27,112.5,75,800.54,103.86,On Time
ORD-10678,2024-01-22,2024-01-23,Bulk Almonds,Grocery,FreshFoods,Warehouse C,West,11,14.18,8.0,352,155.99,8.48,On Time
ORD-10679,2024-01-22,2024-02-03,Winter Jacket,Clothing,Vogue Apparel,Warehouse B,North,4,86.89,18.0,277,347.58,130.03,Critical Delay
ORD-10680,2024-01-23,2024-01-24,Winter Jacket,Clothing,Vogue Apparel,Warehouse A,West,5,44.68,12.0,144,223.4,83.36,On Time
ORD-10681,2024-01-24,2024-01-26,Organic Coffee,Grocery,FreshFoods,Warehouse B,North,13,21.96,12.0,4,285.49,16.84,On Time
ORD-10682,2024-01-24,2024-01-26,Denim Jeans,Clothing,Vogue Apparel,Warehouse A,East,3,134.77,12.0,173,404.31,155.72,On Time
ORD-10683,2024-01-25,2024-01-28,Organic Coffee,Grocery,FreshFoods,Warehouse A,West,7,12.14,8.0,34,84.96,2.8,On Time
ORD-10684,2024-01-25,2024-01-29,4K Monitor,Electronics,TechCorp,Warehouse C,East,2,511.7,25.0,349,1023.41,345.69,On Time
ORD-10685,2024-01-26,2024-02-02,Smart Watch Band,Accessories,Apex Goods,Warehouse B,North,3,36.49,18.0,109,109.47,40.26,Delayed
ORD-10686,2024-01-26,2024-02-08,Smartphone X,Electronics,TechCorp,Warehouse B,North,3,249.16,37.5,230,747.48,242.87,Critical Delay
ORD-10687,2024-01-27,2024-02-01,Laptop Pro,Electronics,TechCorp,Warehouse C,South,2,344.58,25.0,384,689.16,228.71,On Time
ORD-10688,2024-01-28,2024-01-31,Leather Wallet,Accessories,Apex Goods,Warehouse C,East,5,20.7,12.0,57,103.48,40.57,On Time
ORD-10689,2024-01-28,2024-02-02,Energy Drinks,Grocery,FreshFoods,Warehouse B,South,14,10.03,8.0,264,140.44,7.24,On Time
ORD-10690,2024-01-30,2024-02-03,Bulk Almonds,Grocery,FreshFoods,Warehouse A,East,7,42.23,8.0,300,295.64,19.65,On Time
ORD-10691,2024-01-30,2024-02-04,Organic Coffee,Grocery,FreshFoods,Warehouse B,North,8,27.83,12.0,189,222.65,11.81,On Time
ORD-10692,2024-01-31,2024-02-05,Smart Watch Band,Accessories,Apex Goods,Warehouse B,East,5,30.52,12.0,207,152.62,62.68,On Time
ORD-10693,2024-01-31,2024-02-16,Organic Coffee,Grocery,FreshFoods,Warehouse B,North,11,35.92,12.0,340,395.13,25.61,Critical Delay
ORD-10694,2024-01-31,2024-02-04,4K Monitor,Electronics,TechCorp,Warehouse A,East,1,949.6,25.0,85,949.6,319.86,On Time
ORD-10695,2024-01-31,2024-02-03,Backpack,Accessories,Apex Goods,Warehouse A,North,5,71.95,18.0,276,359.74,-53.96,On Time
ORD-10696,2024-02-01,2024-02-08,Denim Jeans,Clothing,Vogue Apparel,Warehouse B,North,1,141.41,18.0,89,141.41,-21.21,Delayed
ORD-10697,2024-02-01,2024-02-05,Laptop Pro,Electronics,TechCorp,Warehouse A,North,1,518.35,37.5,367,518.35,162.67,On Time
ORD-10698,2024-02-01,2024-02-12,Leather Wallet,Accessories,Apex Goods,Warehouse B,North,3,73.98,18.0,244,221.93,90.87,Critical Delay
ORD-10699,2024-02-01,2024-02-03,Winter Jacket,Clothing,Vogue Apparel,Warehouse C,East,2,29.15,12.0,186,58.3,17.32,On Time
ORD-10700,2024-02-01,2024-02-05,Denim Jeans,Clothing,Vogue Apparel,Warehouse C,West,1,63.67,12.0,179,63.67,19.47,On Time
ORD-10701,2024-02-02,2024-02-03,Denim Jeans,Clothing,Vogue Apparel,Warehouse A,North,3,106.04,18.0,81,318.13,118.25,On Time
ORD-10702,2024-02-02,2024-02-07,Running Shoes,Clothing,Vogue Apparel,Warehouse C,South,3,114.9,12.0,130,344.7,131.88,On Time
ORD-10703,2024-02-02,2024-02-19,Energy Drinks,Grocery,FreshFoods,Warehouse B,West,13,46.51,8.0,290,604.65,44.37,Critical Delay
ORD-10704,2024-02-03,2024-02-05,Laptop Pro,Electronics,TechCorp,Warehouse C,East,3,861.45,25.0,397,2584.34,892.02,On Time
ORD-10705,2024-02-03,2024-02-17,Smartphone X,Electronics,TechCorp,Warehouse B,East,2,1173.14,25.0,343,2346.29,808.7,Critical Delay
ORD-10706,2024-02-03,2024-02-05,Organic Coffee,Grocery,FreshFoods,Warehouse C,East,6,31.42,8.0,263,188.53,11.08,On Time
ORD-10707,2024-02-03,2024-02-05,Denim Jeans,Clothing,Vogue Apparel,Warehouse C,South,3,84.24,12.0,126,252.72,95.09,On Time
ORD-10708,2024-02-04,2024-02-08,Ergonomic Desk,Furniture,TimberCraft,Warehouse A,South,1,210.09,75.0,54,210.09,4.52,On Time
ORD-10709,2024-02-04,2024-02-09,Leather Wallet,Accessories,Apex Goods,Warehouse C,West,2,135.04,12.0,358,270.08,115.54,On Time
ORD-10710,2024-02-05,2024-02-08,Winter Jacket,Clothing,Vogue Apparel,Warehouse B,North,4,125.44,18.0,254,501.77,191.71,On Time
ORD-10711,2024-02-05,2024-02-06,Laptop Pro,Electronics,TechCorp,Warehouse B,North,1,646.77,37.5,263,646.77,207.62,On Time
ORD-10712,2024-02-05,2024-02-15,Leather Wallet,Accessories,Apex Goods,Warehouse B,North,1,53.89,18.0,264,53.89,15.25,Delayed
ORD-10713,2024-02-05,2024-02-07,Bulk Almonds,Grocery,FreshFoods,Warehouse C,East,7,27.8,8.0,226,194.63,11.57,On Time
ORD-10714,2024-02-05,2024-02-19,Organic Coffee,Grocery,FreshFoods,Warehouse B,North,14,35.0,12.0,183,489.97,33.2,Critical Delay
ORD-10715,2024-02-05,2024-02-09,Energy Drinks,Grocery,FreshFoods,Warehouse B,West,14,43.26,8.0,43,605.68,44.45,On Time
ORD-10716,2024-02-06,2024-02-17,Backpack,Accessories,Apex Goods,Warehouse B,North,2,24.26,18.0,312,48.53,12.84,Critical Delay
ORD-10717,2024-02-06,2024-02-08,4K Monitor,Electronics,TechCorp,Warehouse C,West,1,353.75,25.0,316,353.75,111.31,On Time
ORD-10718,2024-02-06,2024-02-08,Ergonomic Desk,Furniture,TimberCraft,Warehouse A,West,1,401.51,75.0,339,401.51,42.8,On Time
ORD-10719,2024-02-07,2024-02-11,Office Chair,Furniture,TimberCraft,Warehouse A,West,1,363.91,75.0,168,363.91,35.28,On Time
ORD-10720,2024-02-08,2024-02-09,Bulk Almonds,Grocery,FreshFoods,Warehouse B,East,7,35.1,8.0,231,245.67,15.65,On Time
ORD-10721,2024-02-08,2024-02-11,Organic Coffee,Grocery,FreshFoods,Warehouse A,North,8,26.19,12.0,107,209.49,10.76,On Time
ORD-10722,2024-02-09,2024-02-11,Laptop Pro,Electronics,TechCorp,Warehouse A,East,2,598.82,25.0,219,1197.64,406.67,On Time
ORD-10723,2024-02-09,2024-02-13,Bulk Almonds,Grocery,FreshFoods,Warehouse B,North,7,29.91,12.0,380,209.4,10.75,On Time
ORD-10724,2024-02-10,2024-02-15,4K Monitor,Electronics,TechCorp,Warehouse B,North,2,1006.1,37.5,268,2012.19,685.52,On Time
ORD-10725,2024-02-10,2024-02-12,Backpack,Accessories,Apex Goods,Warehouse C,East,4,65.04,12.0,211,260.16,111.07,On Time
ORD-10726,2024-02-10,2024-02-13,Wireless Earbuds,Electronics,TechCorp,Warehouse A,East,3,1005.79,25.0,95,3017.38,-452.61,On Time
ORD-10727,2024-02-11,2024-02-15,Denim Jeans,Clothing,Vogue Apparel,Warehouse B,North,5,110.11,18.0,345,550.56,211.22,On Time
ORD-10728,2024-02-11,2024-02-18,Bookshelf,Furniture,TimberCraft,Warehouse B,West,1,167.9,75.0,85,167.9,-3.92,Delayed
ORD-10729,2024-02-12,2024-02-14,Laptop Pro,Electronics,TechCorp,Warehouse B,North,1,932.72,37.5,60,932.72,307.7,On Time
ORD-10730,2024-02-12,2024-02-16,Winter Jacket,Clothing,Vogue Apparel,Warehouse A,South,1,60.79,12.0,133,60.79,18.32,On Time
ORD-10731,2024-02-14,2024-02-19,Leather Wallet,Accessories,Apex Goods,Warehouse C,South,2,74.05,12.0,265,148.1,60.64,On Time
ORD-10732,2024-02-17,2024-02-22,Running Shoes,Clothing,Vogue Apparel,Warehouse B,East,5,89.2,12.0,93,446.0,172.4,On Time
ORD-10733,2024-02-18,2024-02-19,Smartphone X,Electronics,TechCorp,Warehouse B,North,3,588.85,37.5,134,1766.55,599.54,On Time
ORD-10734,2024-02-18,2024-02-20,Bulk Almonds,Grocery,FreshFoods,Warehouse B,East,14,22.21,8.0,38,310.92,20.87,On Time
ORD-10735,2024-02-18,2024-03-06,Wireless Earbuds,Electronics,TechCorp,Warehouse B,North,1,1189.34,37.5,124,1189.34,397.52,Critical Delay
ORD-10736,2024-02-22,2024-02-26,Backpack,Accessories,Apex Goods,Warehouse C,West,2,121.19,12.0,216,242.38,103.07,On Time
ORD-10737,2024-02-22,2024-02-29,Organic Coffee,Grocery,FreshFoods,Warehouse B,North,14,37.64,12.0,80,526.93,36.15,Delayed
ORD-10738,2024-02-23,2024-02-26,Energy Drinks,Grocery,FreshFoods,Warehouse B,North,13,22.84,12.0,151,296.89,17.75,On Time
ORD-10739,2024-02-23,2024-02-24,Bulk Almonds,Grocery,FreshFoods,Warehouse B,North,9,26.09,12.0,388,234.83,12.79,On Time
ORD-10740,2024-02-23,2024-03-03,Wireless Earbuds,Electronics,TechCorp,Warehouse B,North,3,636.21,37.5,47,1908.64,649.27,Delayed
ORD-10741,2024-02-24,2024-03-06,Ergonomic Desk,Furniture,TimberCraft,Warehouse B,East,1,194.4,75.0,300,194.4,1.38,Critical Delay
ORD-10742,2024-02-24,2024-02-28,Ergonomic Desk,Furniture,TimberCraft,Warehouse C,West,2,474.45,75.0,306,948.9,152.28,On Time
ORD-10743,2024-02-24,2024-03-09,Wireless Earbuds,Electronics,TechCorp,Warehouse B,East,2,430.73,25.0,235,861.47,289.01,Critical Delay
ORD-10744,2024-02-24,2024-02-26,Denim Jeans,Clothing,Vogue Apparel,Warehouse C,East,5,141.02,12.0,248,705.08,276.03,On Time
ORD-10745,2024-02-26,2024-03-02,Office Chair,Furniture,TimberCraft,Warehouse B,North,2,449.98,112.5,331,899.95,123.74,On Time
ORD-10746,2024-02-26,2024-03-02,Energy Drinks,Grocery,FreshFoods,Warehouse B,South,9,22.53,8.0,53,202.81,12.22,On Time
ORD-10747,2024-02-26,2024-03-02,Bookshelf,Furniture,TimberCraft,Warehouse B,East,2,150.32,75.0,199,300.64,22.63,On Time
ORD-10748,2024-02-29,2024-03-08,Ergonomic Desk,Furniture,TimberCraft,Warehouse B,North,1,381.1,112.5,105,381.1,19.97,Delayed
ORD-10749,2024-02-29,2024-03-04,Bulk Almonds,Grocery,FreshFoods,Warehouse B,North,7,37.37,12.0,310,261.61,14.93,On Time
ORD-10750,2024-02-29,2024-03-17,Organic Coffee,Grocery,FreshFoods,Warehouse B,East,12,49.84,8.0,7,598.12,43.85,Critical Delay
ORD-10751,2024-03-01,2024-03-14,Energy Drinks,Grocery,FreshFoods,Warehouse B,North,8,33.87,12.0,391,270.93,15.67,Critical Delay
ORD-10752,2024-03-02,2024-03-17,4K Monitor,Electronics,TechCorp,Warehouse B,West,1,233.65,25.0,372,233.65,69.28,Critical Delay
ORD-10753,2024-03-02,2024-03-13,Wireless Earbuds,Electronics,TechCorp,Warehouse B,East,1,996.85,25.0,269,996.85,336.4,Critical Delay
ORD-10754,2024-03-02,2024-03-04,Leather Wallet,Accessories,Apex Goods,Warehouse A,East,4,120.27,12.0,187,481.09,210.49,On Time
ORD-10755,2024-03-03,2024-03-07,Wireless Earbuds,Electronics,TechCorp,Warehouse B,North,3,908.68,37.5,276,2726.03,935.36,On Time
ORD-10756,2024-03-03,2024-03-05,Smart Watch Band,Accessories,Apex Goods,Warehouse C,East,3,100.14,12.0,160,300.42,129.19,On Time
ORD-10757,2024-03-04,2024-03-05,Energy Drinks,Grocery,FreshFoods,Warehouse C,South,14,44.68,8.0,299,625.49,46.04,On Time
ORD-10758,2024-03-05,2024-03-07,Winter Jacket,Clothing,Vogue Apparel,Warehouse B,North,5,132.35,18.0,384,661.75,255.7,On Time
ORD-10759,2024-03-07,2024-03-11,Winter Jacket,Clothing,Vogue Apparel,Warehouse C,West,1,80.14,12.0,323,80.14,26.06,On Time
ORD-10760,2024-03-07,2024-03-09,Laptop Pro,Electronics,TechCorp,Warehouse B,North,3,952.99,37.5,91,2858.96,981.89,On Time
ORD-10761,2024-03-10,2024-03-13,Organic Coffee,Grocery,FreshFoods,Warehouse A,North,10,17.89,12.0,176,178.93,8.31,On Time
ORD-10762,2024-03-10,2024-03-11,Smartphone X,Electronics,TechCorp,Warehouse A,West,2,433.4,25.0,367,866.79,290.88,On Time
ORD-10763,2024-03-10,2024-03-26,Energy Drinks,Grocery,FreshFoods,Warehouse B,East,8,16.25,8.0,118,130.03,6.4,Critical Delay
ORD-10764,2024-03-11,2024-03-15,Bookshelf,Furniture,TimberCraft,Warehouse C,South,1,305.97,75.0,362,305.97,23.69,On Time
ORD-10765,2024-03-11,2024-03-14,Organic Coffee,Grocery,FreshFoods,Warehouse B,East,7,33.8,8.0,299,236.61,14.93,On Time
ORD-10766,2024-03-13,2024-03-18,Smartphone X,Electronics,TechCorp,Warehouse B,North,3,649.91,37.5,189,1949.74,663.66,On Time
ORD-10767,2024-03-13,2024-03-16,Bookshelf,Furniture,TimberCraft,Warehouse B,West,2,269.57,75.0,57,539.14,70.33,On Time
ORD-10768,2024-03-16,2024-03-19,Smart Watch Band,Accessories,Apex Goods,Warehouse C,South,4,37.36,12.0,27,149.43,61.24,On Time
ORD-10769,2024-03-17,2024-03-20,Bulk Almonds,Grocery,FreshFoods,Warehouse B,North,14,35.22,12.0,3,493.02,-73.95,On Time
ORD-10770,2024-03-17,2024-03-21,4K Monitor,Electronics,TechCorp,Warehouse A,West,1,912.75,25.0,51,912.75,306.96,On Time
ORD-10771,2024-03-17,2024-03-22,4K Monitor,Electronics,TechCorp,Warehouse C,South,3,869.26,25.0,264,2607.77,900.22,On Time
ORD-10772,2024-03-17,2024-03-18,Bulk Almonds,Grocery,FreshFoods,Warehouse A,South,12,20.45,8.0,101,245.44,15.64,On Time
ORD-10773,2024-03-18,2024-03-23,Energy Drinks,Grocery,FreshFoods,Warehouse A,South,7,35.71,8.0,234,249.99,16.0,On Time
ORD-10774,2024-03-19,2024-03-26,Smart Watch Band,Accessories,Apex Goods,Warehouse B,North,5,143.93,18.0,174,719.66,314.85,Delayed
ORD-10775,2024-03-20,2024-03-21,Smartphone X,Electronics,TechCorp,Warehouse B,North,1,1073.25,37.5,297,1073.25,356.89,On Time
ORD-10776,2024-03-20,2024-03-24,Laptop Pro,Electronics,TechCorp,Warehouse A,South,3,310.41,25.0,366,931.23,313.43,On Time
ORD-10777,2024-03-20,2024-03-25,Wireless Earbuds,Electronics,TechCorp,Warehouse A,East,1,1134.25,25.0,264,1134.25,384.49,On Time
ORD-10778,2024-03-20,2024-03-22,Leather Wallet,Accessories,Apex Goods,Warehouse B,North,1,38.11,18.0,326,38.11,8.15,On Time
ORD-10779,2024-03-21,2024-03-24,Organic Coffee,Grocery,FreshFoods,Warehouse A,East,12,24.41,8.0,1,292.88,19.43,On Time
ORD-10780,2024-03-22,2024-03-26,Organic Coffee,Grocery,FreshFoods,Warehouse A,East,6,48.24,8.0,198,289.42,19.15,On Time
ORD-10781,2024-03-22,2024-03-27,Running Shoes,Clothing,Vogue Apparel,Warehouse B,North,1,83.39,18.0,40,83.39,24.36,On Time
ORD-10782,2024-03-23,2024-03-27,Leather Wallet,Accessories,Apex Goods,Warehouse B,North,2,95.01,18.0,336,190.01,76.5,On Time
ORD-10783,2024-03-24,2024-03-28,Bulk Almonds,Grocery,FreshFoods,Warehouse A,East,12,42.17,8.0,71,506.05,36.48,On Time
ORD-10784,2024-03-24,2024-03-26,Laptop Pro,Electronics,TechCorp,Warehouse A,West,1,557.47,25.0,33,557.47,182.61,On Time
ORD-10785,2024-03-24,2024-03-25,Energy Drinks,Grocery,FreshFoods,Warehouse B,North,13,20.28,12.0,200,263.64,15.09,On Time
ORD-10786,2024-03-25,2024-04-03,Winter Jacket,Clothing,Vogue Apparel,Warehouse B,South,1,60.9,12.0,60,60.9,18.36,Delayed
ORD-10787,2024-03-27,2024-03-30,Leather Wallet,Accessories,Apex Goods,Warehouse B,North,4,58.21,18.0,102,232.86,95.79,On Time
ORD-10788,2024-03-28,2024-03-31,4K Monitor,Electronics,TechCorp,Warehouse C,South,1,1073.58,25.0,34,1073.58,363.25,On Time
ORD-10789,2024-03-28,2024-04-08,Energy Drinks,Grocery,FreshFoods,Warehouse B,North,9,36.22,12.0,84,325.96,20.08,Critical Delay
ORD-10790,2024-03-28,2024-04-02,Organic Coffee,Grocery,FreshFoods,Warehouse B,West,13,26.32,8.0,8,342.17,23.37,On Time
ORD-10791,2024-03-28,2024-04-14,Running Shoes,Clothing,Vogue Apparel,Warehouse B,West,3,144.58,12.0,193,433.75,167.5,Critical Delay
ORD-10792,2024-03-29,2024-04-01,Running Shoes,Clothing,Vogue Apparel,Warehouse B,West,1,123.97,12.0,250,123.97,43.59,On Time
ORD-10793,2024-03-29,2024-04-01,Smartphone X,Electronics,TechCorp,Warehouse B,West,3,1178.44,25.0,214,3535.33,1224.87,On Time
ORD-10794,2024-03-30,2024-04-04,Organic Coffee,Grocery,FreshFoods,Warehouse C,East,8,26.73,8.0,117,213.8,13.1,On Time
ORD-10795,2024-03-30,2024-04-09,Leather Wallet,Accessories,Apex Goods,Warehouse B,East,3,45.6,12.0,63,136.81,55.56,Delayed
ORD-10796,2024-03-30,2024-04-04,Winter Jacket,Clothing,Vogue Apparel,Warehouse B,North,3,83.07,18.0,206,249.2,90.68,On Time
ORD-10797,2024-03-30,2024-04-09,Winter Jacket,Clothing,Vogue Apparel,Warehouse B,East,2,43.07,12.0,47,86.15,28.46,Delayed
ORD-10798,2024-03-30,2024-04-04,Denim Jeans,Clothing,Vogue Apparel,Warehouse B,North,4,38.68,18.0,166,154.72,52.89,On Time
ORD-10799,2024-03-31,2024-04-05,Leather Wallet,Accessories,Apex Goods,Warehouse C,West,4,63.8,12.0,41,255.2,108.84,On Time
ORD-10800,2024-03-31,2024-04-04,Organic Coffee,Grocery,FreshFoods,Warehouse B,South,14,20.55,8.0,255,287.73,-43.16,On Time
ORD-10801,2024-03-31,2024-04-03,Running Shoes,Clothing,Vogue Apparel,Warehouse B,North,4,50.84,18.0,110,203.37,72.35,On Time
ORD-10802,2024-04-01,2024-04-02,Organic Coffee,Grocery,FreshFoods,Warehouse B,North,7,39.71,12.0,184,277.96,16.24,On Time
ORD-10803,2024-04-01,2024-04-03,Bulk Almonds,Grocery,FreshFoods,Warehouse A,East,7,44.63,8.0,171,312.4,20.99,On Time
ORD-10804,2024-04-01,2024-04-06,Ergonomic Desk,Furniture,TimberCraft,Warehouse B,North,2,492.83,112.5,62,985.66,140.88,On Time
ORD-10805,2024-04-03,2024-04-12,Denim Jeans,Clothing,Vogue Apparel,Warehouse B,South,3,27.01,12.0,327,81.03,-12.15,Delayed
ORD-10806,2024-04-03,2024-04-07,Backpack,Accessories,Apex Goods,Warehouse A,East,4,121.05,12.0,86,484.19,211.89,On Time
ORD-10807,2024-04-03,2024-04-20,Bookshelf,Furniture,TimberCraft,Warehouse B,East,1,107.84,75.0,178,107.84,-15.93,Critical Delay
ORD-10808,2024-04-04,2024-04-08,Organic Coffee,Grocery,FreshFoods,Warehouse A,East,5,25.94,8.0,78,129.71,6.38,On Time
ORD-10809,2024-04-04,2024-04-15,Winter Jacket,Clothing,Vogue Apparel,Warehouse B,East,4,49.98,12.0,241,199.93,73.97,Critical Delay
ORD-10810,2024-04-04,2024-04-05,Organic Coffee,Grocery,FreshFoods,Warehouse C,East,9,14.68,8.0,35,132.14,6.57,On Time
ORD-10811,2024-04-04,2024-04-17,Denim Jeans,Clothing,Vogue Apparel,Warehouse B,East,2,82.87,12.0,230,165.74,60.3,Critical Delay
ORD-10812,2024-04-04,2024-04-11,Backpack,Accessories,Apex Goods,Warehouse B,East,2,119.82,12.0,320,239.64,101.84,Delayed
ORD-10813,2024-04-05,2024-04-07,Bookshelf,Furniture,TimberCraft,Warehouse B,North,1,330.82,112.5,43,330.82,9.91,On Time
ORD-10814,2024-04-07,2024-04-09,Ergonomic Desk,Furniture,TimberCraft,Warehouse A,South,2,237.22,75.0,185,474.44,57.39,On Time
ORD-10815,2024-04-07,2024-04-12,Leather Wallet,Accessories,Apex Goods,Warehouse B,North,5,123.78,18.0,135,618.88,269.5,On Time
ORD-10816,2024-04-08,2024-04-15,Laptop Pro,Electronics,TechCorp,Warehouse B,West,2,1133.11,25.0,51,2266.23,780.68,Delayed
ORD-10817,2024-04-09,2024-04-10,Running Shoes,Clothing,Vogue Apparel,Warehouse B,North,5,36.16,18.0,239,180.82,63.33,On Time
ORD-10818,2024-04-10,2024-04-13,Wireless Earbuds,Electronics,TechCorp,Warehouse B,West,3,1024.18,25.0,338,3072.54,1062.89,On Time
ORD-10819,2024-04-11,2024-04-14,Organic Coffee,Grocery,FreshFoods,Warehouse C,East,6,18.97,8.0,78,113.82,-17.07,On Time
ORD-10820,2024-04-11,2024-04-27,Laptop Pro,Electronics,TechCorp,Warehouse B,North,1,1017.41,37.5,308,1017.41,337.34,Critical Delay
ORD-10821,2024-04-11,2024-04-26,Smartphone X,Electronics,TechCorp,Warehouse B,North,2,299.66,37.5,114,599.33,191.02,Critical Delay
ORD-10822,2024-04-11,2024-04-14,Winter Jacket,Clothing,Vogue Apparel,Warehouse A,North,1,142.64,18.0,145,142.64,48.06,On Time
ORD-10823,2024-04-12,2024-04-14,Wireless Earbuds,Electronics,TechCorp,Warehouse C,South,1,838.0,25.0,69,838.0,280.8,On Time
ORD-10824,2024-04-13,2024-04-17,Smartphone X,Electronics,TechCorp,Warehouse B,North,3,283.8,37.5,80,851.41,279.24,On Time
ORD-10825,2024-04-14,2024-04-15,Denim Jeans,Clothing,Vogue Apparel,Warehouse C,South,1,99.98,12.0,269,99.98,33.99,On Time
ORD-10826,2024-04-14,2024-04-18,Smartphone X,Electronics,TechCorp,Warehouse A,West,2,927.1,25.0,325,1854.21,636.47,On Time
ORD-10827,2024-04-15,2024-04-20,Wireless Earbuds,Electronics,TechCorp,Warehouse A,West,1,955.79,25.0,41,955.79,322.03,On Time
ORD-10828,2024-04-15,2024-04-20,Leather Wallet,Accessories,Apex Goods,Warehouse C,East,4,51.95,12.0,337,207.79,87.51,On Time
ORD-10829,2024-04-15,2024-04-27,Laptop Pro,Electronics,TechCorp,Warehouse B,East,2,1075.12,25.0,152,2150.24,740.08,Critical Delay
ORD-10830,2024-04-17,2024-04-22,Bookshelf,Furniture,TimberCraft,Warehouse A,South,1,104.66,75.0,132,104.66,-16.57,On Time
ORD-10831,2024-04-18,2024-04-23,Denim Jeans,Clothing,Vogue Apparel,Warehouse B,North,5,35.14,18.0,329,175.69,61.28,On Time
ORD-10832,2024-04-18,2024-04-20,Denim Jeans,Clothing,Vogue Apparel,Warehouse B,North,5,68.43,18.0,236,342.14,127.86,On Time
ORD-10833,2024-04-18,2024-04-23,4K Monitor,Electronics,TechCorp,Warehouse B,East,2,1142.61,25.0,198,2285.22,787.33,On Time
ORD-10834,2024-04-19,2024-04-23,Organic Coffee,Grocery,FreshFoods,Warehouse A,North,8,49.11,12.0,98,392.87,25.43,On Time
ORD-10835,2024-04-19,2024-04-26,Bulk Almonds,Grocery,FreshFoods,Warehouse B,South,5,23.62,8.0,4,118.12,5.45,Delayed
ORD-10836,2024-04-20,2024-04-23,4K Monitor,Electronics,TechCorp,Warehouse B,North,2,970.48,37.5,129,1940.96,660.59,On Time
ORD-10837,2024-04-20,2024-04-25,Bookshelf,Furniture,TimberCraft,Warehouse C,West,1,307.06,75.0,267,307.06,23.91,On Time
ORD-10838,2024-04-20,2024-04-21,4K Monitor,Electronics,TechCorp,Warehouse B,North,2,1033.27,37.5,265,2066.55,704.54,On Time
ORD-10839,2024-04-21,2024-04-23,Organic Coffee,Grocery,FreshFoods,Warehouse B,West,6,49.04,8.0,329,294.26,19.54,On Time
ORD-10840,2024-04-21,2024-04-24,Denim Jeans,Clothing,Vogue Apparel,Warehouse B,West,1,34.51,12.0,371,34.51,7.8,On Time
ORD-10841,2024-04-22,2024-04-24,Backpack,Accessories,Apex Goods,Warehouse C,East,5,52.94,12.0,284,264.71,113.12,On Time
ORD-10842,2024-04-22,2024-04-23,Office Chair,Furniture,TimberCraft,Warehouse C,South,2,364.05,75.0,287,728.1,108.12,On Time
ORD-10843,2024-04-25,2024-04-30,Wireless Earbuds,Electronics,TechCorp,Warehouse B,North,3,947.74,37.5,396,2843.23,976.38,On Time
ORD-10844,2024-04-26,2024-04-30,Bulk Almonds,Grocery,FreshFoods,Warehouse B,North,14,14.08,12.0,135,197.16,9.77,On Time
ORD-10845,2024-04-26,2024-04-27,Bulk Almonds,Grocery,FreshFoods,Warehouse B,South,7,41.68,8.0,1,291.76,19.34,On Time
ORD-10846,2024-04-27,2024-05-01,Running Shoes,Clothing,Vogue Apparel,Warehouse C,South,3,88.61,12.0,323,265.83,100.33,On Time
ORD-10847,2024-04-27,2024-04-28,Backpack,Accessories,Apex Goods,Warehouse C,West,1,71.7,12.0,179,71.7,26.27,On Time
ORD-10848,2024-04-27,2024-05-02,Backpack,Accessories,Apex Goods,Warehouse C,East,4,112.27,12.0,87,449.1,196.1,On Time
ORD-10849,2024-04-28,2024-04-30,Bulk Almonds,Grocery,FreshFoods,Warehouse B,East,14,33.47,8.0,46,468.57,33.49,On Time
ORD-10850,2024-04-29,2024-05-04,Running Shoes,Clothing,Vogue Apparel,Warehouse B,East,3,42.13,12.0,380,126.4,44.56,On Time
ORD-10851,2024-04-29,2024-05-04,Running Shoes,Clothing,Vogue Apparel,Warehouse B,South,4,126.38,12.0,350,505.52,196.21,On Time
ORD-10852,2024-04-29,2024-05-03,Bulk Almonds,Grocery,FreshFoods,Warehouse A,East,6,46.36,8.0,292,278.16,18.25,On Time
ORD-10853,2024-05-02,2024-05-06,Winter Jacket,Clothing,Vogue Apparel,Warehouse B,North,4,37.17,18.0,43,148.67,50.47,On Time
ORD-10854,2024-05-02,2024-05-03,Bulk Almonds,Grocery,FreshFoods,Warehouse A,East,12,33.61,8.0,8,403.35,-60.5,On Time
ORD-10855,2024-05-02,2024-05-03,Laptop Pro,Electronics,TechCorp,Warehouse B,East,3,920.89,25.0,352,2762.68,954.44,On Time
ORD-10856,2024-05-03,2024-05-07,Leather Wallet,Accessories,Apex Goods,Warehouse A,North,3,128.84,18.0,337,386.52,164.93,On Time
ORD-10857,2024-05-03,2024-05-06,4K Monitor,Electronics,TechCorp,Warehouse B,South,2,1076.84,25.0,225,2153.69,741.29,On Time
ORD-10858,2024-05-03,2024-05-15,4K Monitor,Electronics,TechCorp,Warehouse B,East,2,575.38,25.0,374,1150.75,390.26,Critical Delay
ORD-10859,2024-05-04,2024-05-16,Winter Jacket,Clothing,Vogue Apparel,Warehouse B,West,2,102.49,12.0,52,204.98,75.99,Critical Delay
ORD-10860,2024-05-04,2024-05-07,Running Shoes,Clothing,Vogue Apparel,Warehouse C,South,3,78.29,12.0,381,234.86,87.94,On Time
ORD-10861,2024-05-04,2024-05-08,Wireless Earbuds,Electronics,TechCorp,Warehouse C,West,2,997.52,25.0,371,1995.03,685.76,On Time
ORD-10862,2024-05-05,2024-05-16,Laptop Pro,Electronics,TechCorp,Warehouse B,South,3,1041.04,25.0,165,3123.13,1080.6,Critical Delay
ORD-10863,2024-05-06,2024-05-09,Smartphone X,Electronics,TechCorp,Warehouse B,North,3,916.98,37.5,49,2750.93,944.08,On Time
ORD-10864,2024-05-06,2024-05-23,Bookshelf,Furniture,TimberCraft,Warehouse B,West,1,408.9,75.0,139,408.9,44.28,Critical Delay
ORD-10865,2024-05-07,2024-05-12,Running Shoes,Clothing,Vogue Apparel,Warehouse B,West,5,48.55,12.0,35,242.75,91.1,On Time
ORD-10866,2024-05-07,2024-05-08,Smart Watch Band,Accessories,Apex Goods,Warehouse A,East,5,149.57,12.0,376,747.84,330.53,On Time
ORD-10867,2024-05-07,2024-05-12,Backpack,Accessories,Apex Goods,Warehouse A,West,2,99.21,12.0,133,198.42,83.29,On Time
ORD-10868,2024-05-08,2024-05-11,Leather Wallet,Accessories,Apex Goods,Warehouse A,South,1,77.82,12.0,345,77.82,29.02,On Time
ORD-10869,2024-05-08,2024-05-10,Smart Watch Band,Accessories,Apex Goods,Warehouse B,North,3,53.62,18.0,120,160.87,63.39,On Time
ORD-10870,2024-05-08,2024-05-13,Backpack,Accessories,Apex Goods,Warehouse A,South,1,112.66,12.0,199,112.66,44.7,On Time
ORD-10871,2024-05-09,2024-05-11,Winter Jacket,Clothing,Vogue Apparel,Warehouse C,East,2,114.3,12.0,291,228.6,85.44,On Time
ORD-10872,2024-05-11,2024-05-12,Leather Wallet,Accessories,Apex Goods,Warehouse B,South,3,147.06,12.0,161,441.17,192.53,On Time
ORD-10873,2024-05-11,2024-05-16,Organic Coffee,Grocery,FreshFoods,Warehouse A,South,9,35.31,8.0,151,317.76,21.42,On Time
ORD-10874,2024-05-11,2024-05-12,Backpack,Accessories,Apex Goods,Warehouse C,South,3,52.65,12.0,148,157.95,65.08,On Time
ORD-10875,2024-05-11,2024-05-12,Bulk Almonds,Grocery,FreshFoods,Warehouse C,West,11,19.14,8.0,9,210.5,12.84,On Time
ORD-10876,2024-05-11,2024-05-15,Organic Coffee,Grocery,FreshFoods,Warehouse A,North,11,17.54,12.0,171,192.99,9.44,On Time
ORD-10877,2024-05-12,2024-05-26,Wireless Earbuds,Electronics,TechCorp,Warehouse B,West,2,445.3,25.0,195,890.61,299.21,Critical Delay
ORD-10878,2024-05-13,2024-05-16,Running Shoes,Clothing,Vogue Apparel,Warehouse C,East,5,139.94,12.0,68,699.71,273.88,On Time
ORD-10879,2024-05-13,2024-05-16,Bookshelf,Furniture,TimberCraft,Warehouse A,East,2,313.95,75.0,355,627.9,88.08,On Time
ORD-10880,2024-05-14,2024-05-15,Bulk Almonds,Grocery,FreshFoods,Warehouse B,North,11,49.94,12.0,378,549.39,37.95,On Time
ORD-10881,2024-05-15,2024-05-22,Denim Jeans,Clothing,Vogue Apparel,Warehouse B,North,3,109.3,18.0,210,327.9,122.16,Delayed
ORD-10882,2024-05-16,2024-05-29,Winter Jacket,Clothing,Vogue Apparel,Warehouse B,North,4,97.56,18.0,39,390.25,147.1,Critical Delay
ORD-10883,2024-05-16,2024-05-18,Running Shoes,Clothing,Vogue Apparel,Warehouse B,North,5,88.59,18.0,331,442.96,-66.44,On Time
ORD-10884,2024-05-17,2024-05-21,Denim Jeans,Clothing,Vogue Apparel,Warehouse A,West,2,101.07,12.0,229,202.14,74.86,On Time
ORD-10885,2024-05-17,2024-05-21,Wireless Earbuds,Electronics,TechCorp,Warehouse C,East,1,497.49,25.0,359,497.49,161.62,On Time
ORD-10886,2024-05-17,2024-06-01,Wireless Earbuds,Electronics,TechCorp,Warehouse B,East,2,304.48,25.0,359,608.96,200.64,Critical Delay
ORD-10887,2024-05-18,2024-05-22,Winter Jacket,Clothing,Vogue Apparel,Warehouse B,North,3,78.31,18.0,272,234.93,84.97,On Time
ORD-10888,2024-05-18,2024-05-22,Bulk Almonds,Grocery,FreshFoods,Warehouse A,North,9,37.35,12.0,365,336.13,20.89,On Time
ORD-10889,2024-05-19,2024-05-20,Ergonomic Desk,Furniture,TimberCraft,Warehouse A,East,1,304.87,75.0,91,304.87,23.47,On Time
ORD-10890,2024-05-20,2024-05-22,Smartphone X,Electronics,TechCorp,Warehouse A,West,1,596.36,25.0,320,596.36,196.23,On Time
ORD-10891,2024-05-23,2024-06-06,Laptop Pro,Electronics,TechCorp,Warehouse B,North,2,952.98,37.5,257,1905.96,648.34,Critical Delay
ORD-10892,2024-05-23,2024-05-28,Organic Coffee,Grocery,FreshFoods,Warehouse B,North,9,17.17,12.0,126,154.5,6.36,On Time
ORD-10893,2024-05-23,2024-06-01,Smartphone X,Electronics,TechCorp,Warehouse B,West,2,745.46,25.0,26,1490.91,509.32,Delayed
ORD-10894,2024-05-24,2024-05-26,Smartphone X,Electronics,TechCorp,Warehouse A,South,3,275.87,25.0,103,827.61,277.16,On Time
ORD-10895,2024-05-24,2024-05-28,Bulk Almonds,Grocery,FreshFoods,Warehouse B,North,11,29.63,12.0,237,325.88,20.07,On Time
ORD-10896,2024-05-24,2024-05-27,Backpack,Accessories,Apex Goods,Warehouse B,North,4,30.18,18.0,54,120.7,45.32,On Time
ORD-10897,2024-05-25,2024-05-29,Winter Jacket,Clothing,Vogue Apparel,Warehouse C,East,3,24.39,12.0,183,73.18,23.27,On Time
ORD-10898,2024-05-25,2024-06-03,Denim Jeans,Clothing,Vogue Apparel,Warehouse B,North,2,74.13,18.0,315,148.26,50.3,Delayed
ORD-10899,2024-05-25,2024-05-30,Ergonomic Desk,Furniture,TimberCraft,Warehouse A,North,2,430.69,112.5,125,861.38,116.03,On Time
ORD-10900,2024-05-25,2024-05-26,Energy Drinks,Grocery,FreshFoods,Warehouse A,West,14,19.95,8.0,187,279.34,18.35,On Time
ORD-10901,2024-05-26,2024-05-28,Energy Drinks,Grocery,FreshFoods,Warehouse C,South,10,12.46,8.0,228,124.6,5.97,On Time
ORD-10902,2024-05-27,2024-06-08,4K Monitor,Electronics,TechCorp,Warehouse B,West,1,344.52,25.0,333,344.52,108.08,Critical Delay
ORD-10903,2024-05-27,2024-05-29,Running Shoes,Clothing,Vogue Apparel,Warehouse A,East,2,77.97,12.0,256,155.95,56.38,On Time
ORD-10904,2024-05-27,2024-05-29,Smartphone X,Electronics,TechCorp,Warehouse B,North,3,219.17,37.5,137,657.52,211.38,On Time
ORD-10905,2024-05-28,2024-06-02,Office Chair,Furniture,TimberCraft,Warehouse C,West,2,161.03,75.0,363,322.06,26.91,On Time
ORD-10906,2024-05-29,2024-06-02,Leather Wallet,Accessories,Apex Goods,Warehouse A,North,2,111.83,18.0,58,223.66,91.65,On Time
ORD-10907,2024-05-29,2024-06-12,Winter Jacket,Clothing,Vogue Apparel,Warehouse B,North,3,70.32,18.0,195,210.96,75.38,Critical Delay
ORD-10908,2024-05-30,2024-06-04,Wireless Earbuds,Electronics,TechCorp,Warehouse C,East,3,864.81,25.0,278,2594.42,895.55,On Time
ORD-10909,2024-05-30,2024-06-02,Organic Coffee,Grocery,FreshFoods,Warehouse C,West,6,36.72,8.0,168,220.3,13.62,On Time
ORD-10910,2024-05-30,2024-06-04,Winter Jacket,Clothing,Vogue Apparel,Warehouse A,East,4,57.35,12.0,29,229.41,85.76,On Time
ORD-10911,2024-05-30,2024-06-01,Smart Watch Band,Accessories,Apex Goods,Warehouse A,South,2,103.42,12.0,92,206.84,87.08,On Time
ORD-10912,2024-05-31,2024-06-05,Leather Wallet,Accessories,Apex Goods,Warehouse B,South,5,116.8,12.0,335,583.99,256.8,On Time
ORD-10913,2024-05-31,2024-06-04,Running Shoes,Clothing,Vogue Apparel,Warehouse C,East,4,75.15,12.0,194,300.61,114.24,On Time
ORD-10914,2024-05-31,2024-06-04,4K Monitor,Electronics,TechCorp,Warehouse B,South,1,708.31,25.0,295,708.31,235.41,On Time
ORD-10915,2024-06-01,2024-06-12,Denim Jeans,Clothing,Vogue Apparel,Warehouse B,North,1,21.31,18.0,214,21.31,-0.48,Critical Delay
ORD-10916,2024-06-01,2024-06-05,4K Monitor,Electronics,TechCorp,Warehouse C,West,3,600.85,25.0,392,1802.54,618.39,On Time
ORD-10917,2024-06-02,2024-06-03,Bulk Almonds,Grocery,FreshFoods,Warehouse A,West,5,16.9,8.0,37,84.52,2.76,On Time
ORD-10918,2024-06-03,2024-06-04,Organic Coffee,Grocery,FreshFoods,Warehouse B,South,10,29.16,8.0,375,291.6,19.33,On Time
ORD-10919,2024-06-03,2024-06-13,Organic Coffee,Grocery,FreshFoods,Warehouse B,South,9,20.43,8.0,332,183.83,10.71,Delayed
ORD-10920,2024-06-04,2024-06-09,Laptop Pro,Electronics,TechCorp,Warehouse B,East,2,946.25,25.0,190,1892.51,649.88,On Time
ORD-10921,2024-06-04,2024-06-09,Bookshelf,Furniture,TimberCraft,Warehouse B,East,2,373.61,75.0,339,747.22,111.94,On Time
ORD-10922,2024-06-04,2024-06-19,Energy Drinks,Grocery,FreshFoods,Warehouse B,East,7,41.18,8.0,337,288.28,19.06,Critical Delay
ORD-10923,2024-06-04,2024-06-07,Winter Jacket,Clothing,Vogue Apparel,Warehouse C,West,1,146.21,12.0,350,146.21,52.48,On Time
ORD-10924,2024-06-04,2024-06-07,Energy Drinks,Grocery,FreshFoods,Warehouse B,North,6,17.22,12.0,136,103.3,2.26,On Time
ORD-10925,2024-06-05,2024-06-21,Denim Jeans,Clothing,Vogue Apparel,Warehouse B,South,4,24.53,12.0,228,98.14,33.26,Critical Delay
ORD-10926,2024-06-05,2024-06-15,Winter Jacket,Clothing,Vogue Apparel,Warehouse B,North,3,31.6,18.0,276,94.79,-14.22,Delayed
ORD-10927,2024-06-06,2024-06-11,Running Shoes,Clothing,Vogue Apparel,Warehouse B,North,4,112.56,18.0,268,450.26,171.1,On Time
ORD-10928,2024-06-07,2024-06-09,Backpack,Accessories,Apex Goods,Warehouse B,East,4,107.86,12.0,154,431.42,188.14,On Time
ORD-10929,2024-06-07,2024-06-23,Wireless Earbuds,Electronics,TechCorp,Warehouse B,North,3,451.85,37.5,184,1355.56,455.7,Critical Delay
ORD-10930,2024-06-07,2024-06-11,Office Chair,Furniture,TimberCraft,Warehouse A,South,2,445.15,75.0,176,890.29,140.56,On Time
ORD-10931,2024-06-08,2024-06-13,Leather Wallet,Accessories,Apex Goods,Warehouse A,East,4,105.96,12.0,125,423.86,184.74,On Time
ORD-10932,2024-06-08,2024-06-12,Laptop Pro,Electronics,TechCorp,Warehouse B,North,3,929.7,37.5,193,2789.1,957.43,On Time
ORD-10933,2024-06-09,2024-06-10,Organic Coffee,Grocery,FreshFoods,Warehouse A,East,11,13.39,8.0,90,147.28,7.78,On Time
ORD-10934,2024-06-09,2024-06-20,Smart Watch Band,Accessories,Apex Goods,Warehouse B,North,5,143.45,18.0,146,717.23,313.75,Critical Delay
ORD-10935,2024-06-09,2024-06-14,Bulk Almonds,Grocery,FreshFoods,Warehouse A,South,11,42.24,8.0,27,464.65,-69.7,On Time
ORD-10936,2024-06-09,2024-06-24,Office Chair,Furniture,TimberCraft,Warehouse B,East,2,384.88,75.0,213,769.75,116.45,Critical Delay
ORD-10937,2024-06-10,2024-06-19,Running Shoes,Clothing,Vogue Apparel,Warehouse B,East,2,74.97,12.0,233,149.95,53.98,Delayed
ORD-10938,2024-06-13,2024-06-17,Energy Drinks,Grocery,FreshFoods,Warehouse C,West,12,32.1,8.0,99,385.2,26.82,On Time
ORD-10939,2024-06-14,2024-06-17,Wireless Earbuds,Electronics,TechCorp,Warehouse A,East,1,1030.92,25.0,28,1030.92,348.32,On Time
ORD-10940,2024-06-15,2024-06-29,Denim Jeans,Clothing,Vogue Apparel,Warehouse B,West,4,129.84,12.0,103,519.37,201.75,Critical Delay
ORD-10941,2024-06-15,2024-06-20,Bulk Almonds,Grocery,FreshFoods,Warehouse B,South,5,14.9,8.0,323,74.5,1.96,On Time
ORD-10942,2024-06-17,2024-06-25,Energy Drinks,Grocery,FreshFoods,Warehouse B,East,6,13.67,8.0,127,82.04,2.56,Delayed
ORD-10943,2024-06-17,2024-07-01,Wireless Earbuds,Electronics,TechCorp,Warehouse B,North,3,819.9,37.5,97,2459.69,842.14,Critical Delay
ORD-10944,2024-06-18,2024-06-20,Organic Coffee,Grocery,FreshFoods,Warehouse B,North,6,15.39,12.0,130,92.35,1.39,On Time
ORD-10945,2024-06-20,2024-06-23,Office Chair,Furniture,TimberCraft,Warehouse C,East,1,389.29,75.0,327,389.29,40.36,On Time
ORD-10946,2024-06-20,2024-06-22,Running Shoes,Clothing,Vogue Apparel,Warehouse B,East,4,91.5,12.0,389,365.99,140.4,On Time
ORD-10947,2024-06-20,2024-06-23,Wireless Earbuds,Electronics,TechCorp,Warehouse A,North,1,1132.49,37.5,373,1132.49,377.62,On Time
ORD-10948,2024-06-21,2024-06-22,Bookshelf,Furniture,TimberCraft,Warehouse C,South,2,149.69,75.0,367,299.39,22.38,On Time
ORD-10949,2024-06-23,2024-06-25,Backpack,Accessories,Apex Goods,Warehouse C,East,1,107.8,12.0,164,107.8,42.51,On Time
ORD-10950,2024-06-23,2024-06-27,Winter Jacket,Clothing,Vogue Apparel,Warehouse A,West,1,39.16,12.0,208,39.16,9.66,On Time
ORD-10951,2024-06-24,2024-06-27,4K Monitor,Electronics,TechCorp,Warehouse C,West,2,1133.38,25.0,356,2266.75,-340.01,On Time
ORD-10952,2024-06-24,2024-06-29,Bulk Almonds,Grocery,FreshFoods,Warehouse C,East,12,39.16,8.0,7,469.94,33.6,On Time
ORD-10953,2024-06-25,2024-06-30,Smartphone X,Electronics,TechCorp,Warehouse B,North,3,1136.35,37.5,380,3409.04,1174.41,On Time
ORD-10954,2024-06-26,2024-06-29,Organic Coffee,Grocery,FreshFoods,Warehouse A,East,6,49.39,8.0,239,296.37,19.71,On Time
ORD-10955,2024-06-26,2024-06-28,Backpack,Accessories,Apex Goods,Warehouse B,North,4,139.85,18.0,193,559.42,-83.91,On Time
ORD-10956,2024-06-29,2024-07-03,Denim Jeans,Clothing,Vogue Apparel,Warehouse B,North,4,118.43,18.0,96,473.72,180.49,On Time
ORD-10957,2024-06-29,2024-07-10,Running Shoes,Clothing,Vogue Apparel,Warehouse B,South,2,78.19,12.0,364,156.38,56.55,Critical Delay
ORD-10958,2024-06-29,2024-07-02,Organic Coffee,Grocery,FreshFoods,Warehouse A,East,8,19.73,8.0,322,157.85,8.63,On Time
ORD-10959,2024-06-29,2024-07-07,Backpack,Accessories,Apex Goods,Warehouse B,North,4,36.77,18.0,282,147.08,57.19,Delayed
ORD-10960,2024-06-30,2024-07-01,Denim Jeans,Clothing,Vogue Apparel,Warehouse C,East,1,119.7,12.0,390,119.7,41.88,On Time
ORD-10961,2024-07-01,2024-07-08,Organic Coffee,Grocery,FreshFoods,Warehouse B,North,8,49.14,12.0,292,393.15,25.45,Delayed
ORD-10962,2024-07-02,2024-07-03,Denim Jeans,Clothing,Vogue Apparel,Warehouse A,East,4,63.91,12.0,42,255.63,96.25,On Time
ORD-10963,2024-07-03,2024-07-15,Organic Coffee,Grocery,FreshFoods,Warehouse B,East,11,32.24,8.0,341,354.66,-53.2,Critical Delay
ORD-10964,2024-07-03,2024-07-05,Backpack,Accessories,Apex Goods,Warehouse C,West,3,52.42,12.0,32,157.26,64.77,On Time
ORD-10965,2024-07-04,2024-07-05,Bulk Almonds,Grocery,FreshFoods,Warehouse C,East,13,19.29,8.0,3,250.81,16.06,On Time
ORD-10966,2024-07-04,2024-07-09,Smartphone X,Electronics,TechCorp,Warehouse C,East,1,507.43,25.0,202,507.43,165.1,On Time
ORD-10967,2024-07-05,2024-07-16,Office Chair,Furniture,TimberCraft,Warehouse B,East,1,307.71,75.0,296,307.71,24.04,Critical Delay
ORD-10968,2024-07-06,2024-07-07,Ergonomic Desk,Furniture,TimberCraft,Warehouse B,North,2,203.06,112.5,220,406.13,24.98,On Time
ORD-10969,2024-07-06,2024-07-07,Bulk Almonds,Grocery,FreshFoods,Warehouse C,West,5,46.62,8.0,83,233.1,14.65,On Time
ORD-10970,2024-07-07,2024-07-09,Running Shoes,Clothing,Vogue Apparel,Warehouse B,North,3,75.17,18.0,197,225.51,81.2,On Time
ORD-10971,2024-07-07,2024-07-11,Running Shoes,Clothing,Vogue Apparel,Warehouse C,South,4,70.43,12.0,66,281.71,106.68,On Time
ORD-10972,2024-07-07,2024-07-11,Wireless Earbuds,Electronics,TechCorp,Warehouse A,South,1,221.65,25.0,27,221.65,-33.25,On Time
ORD-10973,2024-07-07,2024-07-10,Laptop Pro,Electronics,TechCorp,Warehouse A,West,3,962.65,25.0,325,2887.96,998.29,On Time
ORD-10974,2024-07-10,2024-07-15,Winter Jacket,Clothing,Vogue Apparel,Warehouse A,North,3,145.06,18.0,258,435.17,165.07,On Time
ORD-10975,2024-07-10,2024-07-17,Energy Drinks,Grocery,FreshFoods,Warehouse B,West,6,14.75,8.0,176,88.48,3.08,Delayed
ORD-10976,2024-07-10,2024-07-11,Organic Coffee,Grocery,FreshFoods,Warehouse B,North,12,48.6,12.0,252,583.22,-87.48,On Time
ORD-10977,2024-07-12,2024-07-16,Laptop Pro,Electronics,TechCorp,Warehouse B,North,3,789.13,37.5,320,2367.4,809.84,On Time
ORD-10978,2024-07-12,2024-07-16,Bookshelf,Furniture,TimberCraft,Warehouse C,West,1,318.44,75.0,126,318.44,26.19,On Time
ORD-10979,2024-07-13,2024-07-18,Bulk Almonds,Grocery,FreshFoods,Warehouse A,South,13,41.49,8.0,299,539.41,-80.91,On Time
ORD-10980,2024-07-14,2024-07-18,Bulk Almonds,Grocery,FreshFoods,Warehouse A,West,10,19.43,8.0,100,194.26,11.54,On Time
ORD-10981,2024-07-14,2024-07-19,Ergonomic Desk,Furniture,TimberCraft,Warehouse A,South,2,470.48,75.0,210,940.97,150.69,On Time
ORD-10982,2024-07-14,2024-07-31,Bookshelf,Furniture,TimberCraft,Warehouse B,North,1,272.93,112.5,380,272.93,-1.66,Critical Delay
ORD-10983,2024-07-16,2024-07-20,Bulk Almonds,Grocery,FreshFoods,Warehouse A,West,14,27.22,8.0,45,381.04,26.48,On Time
ORD-10984,2024-07-16,2024-07-21,Bulk Almonds,Grocery,FreshFoods,Warehouse A,West,10,13.95,8.0,286,139.46,7.16,On Time
ORD-10985,2024-07-16,2024-07-19,Denim Jeans,Clothing,Vogue Apparel,Warehouse A,South,1,121.73,12.0,121,121.73,42.69,On Time
ORD-10986,2024-07-17,2024-07-19,Bulk Almonds,Grocery,FreshFoods,Warehouse A,North,13,38.54,12.0,32,501.0,34.08,On Time
ORD-10987,2024-07-17,2024-07-22,Winter Jacket,Clothing,Vogue Apparel,Warehouse A,North,3,70.62,18.0,127,211.85,75.74,On Time
ORD-10988,2024-07-17,2024-07-19,Organic Coffee,Grocery,FreshFoods,Warehouse B,North,5,20.15,12.0,109,100.76,2.06,On Time
ORD-10989,2024-07-18,2024-07-22,Office Chair,Furniture,TimberCraft,Warehouse B,East,1,345.38,75.0,358,345.38,31.58,On Time
ORD-10990,2024-07-19,2024-07-20,Office Chair,Furniture,TimberCraft,Warehouse C,South,2,260.98,75.0,113,521.96,66.89,On Time
ORD-10991,2024-07-19,2024-07-20,Bulk Almonds,Grocery,FreshFoods,Warehouse B,West,6,47.1,8.0,398,282.58,18.61,On Time
ORD-10992,2024-07-20,2024-07-23,Smartphone X,Electronics,TechCorp,Warehouse B,East,3,300.37,25.0,139,901.1,302.88,On Time
ORD-10993,2024-07-22,2024-07-29,Leather Wallet,Accessories,Apex Goods,Warehouse B,North,4,65.0,18.0,143,260.01,108.0,Delayed
ORD-10994,2024-07-23,2024-07-26,Denim Jeans,Clothing,Vogue Apparel,Warehouse B,North,2,84.16,18.0,173,168.31,58.32,On Time
ORD-10995,2024-07-23,2024-07-27,Organic Coffee,Grocery,FreshFoods,Warehouse B,East,7,23.86,8.0,4,167.0,9.36,On Time
ORD-10996,2024-07-23,2024-07-24,Wireless Earbuds,Electronics,TechCorp,Warehouse A,South,2,670.54,25.0,188,1341.08,456.88,On Time
ORD-10997,2024-07-23,2024-07-25,Bulk Almonds,Grocery,FreshFoods,Warehouse A,South,12,21.15,8.0,350,253.78,16.3,On Time
ORD-10998,2024-07-24,2024-08-07,Bookshelf,Furniture,TimberCraft,Warehouse B,East,1,446.0,75.0,128,446.0,51.7,Critical Delay
ORD-10999,2024-07-25,2024-07-28,4K Monitor,Electronics,TechCorp,Warehouse B,East,3,618.26,25.0,378,1854.79,636.68,On Time
ORD-11000,2024-07-25,2024-08-11,Ergonomic Desk,Furniture,TimberCraft,Warehouse B,East,1,229.44,75.0,279,229.44,8.39,Critical Delay
ORD-11001,2024-07-27,2024-07-30,Laptop Pro,Electronics,TechCorp,Warehouse C,East,2,1107.89,25.0,45,2215.78,763.02,On Time
ORD-11002,2024-07-27,2024-08-11,Wireless Earbuds,Electronics,TechCorp,Warehouse B,West,2,823.44,25.0,155,1646.88,563.91,Critical Delay
ORD-11003,2024-07-28,2024-07-30,Bulk Almonds,Grocery,FreshFoods,Warehouse A,South,11,39.16,8.0,285,430.72,30.46,On Time
ORD-11004,2024-07-28,2024-08-11,Winter Jacket,Clothing,Vogue Apparel,Warehouse B,North,5,41.87,18.0,376,209.34,74.74,Critical Delay
ORD-11005,2024-07-28,2024-07-29,Smartphone X,Electronics,TechCorp,Warehouse C,South,3,560.53,25.0,69,1681.6,576.06,On Time
ORD-11006,2024-07-28,2024-07-31,Wireless Earbuds,Electronics,TechCorp,Warehouse C,East,3,494.65,25.0,268,1483.95,506.88,On Time
ORD-11007,2024-07-29,2024-08-14,Organic Coffee,Grocery,FreshFoods,Warehouse B,North,12,11.98,12.0,61,143.73,-21.56,Critical Delay
ORD-11008,2024-07-30,2024-08-04,4K Monitor,Electronics,TechCorp,Warehouse A,East,3,812.17,25.0,117,2436.5,840.27,On Time
ORD-11009,2024-07-31,2024-08-04,Winter Jacket,Clothing,Vogue Apparel,Warehouse B,East,1,47.98,12.0,386,47.98,13.19,On Time
ORD-11010,2024-07-31,2024-08-01,Energy Drinks,Grocery,FreshFoods,Warehouse A,West,11,20.94,8.0,8,230.34,14.43,On Time
ORD-11011,2024-07-31,2024-08-05,Winter Jacket,Clothing,Vogue Apparel,Warehouse B,East,3,111.77,12.0,222,335.32,128.13,On Time
ORD-11012,2024-07-31,2024-08-02,Organic Coffee,Grocery,FreshFoods,Warehouse C,East,10,44.7,8.0,162,447.02,31.76,On Time
ORD-11013,2024-08-01,2024-08-05,Laptop Pro,Electronics,TechCorp,Warehouse A,East,2,203.17,25.0,335,406.35,129.72,On Time
ORD-11014,2024-08-01,2024-08-05,Organic Coffee,Grocery,FreshFoods,Warehouse A,East,9,22.83,8.0,330,205.45,12.44,On Time
ORD-11015,2024-08-02,2024-08-11,Denim Jeans,Clothing,Vogue Apparel,Warehouse B,North,2,33.63,18.0,242,67.25,-10.09,Delayed
ORD-11016,2024-08-03,2024-08-20,Laptop Pro,Electronics,TechCorp,Warehouse B,West,1,1197.23,25.0,224,1197.23,406.53,Critical Delay
ORD-11017,2024-08-03,2024-08-07,Office Chair,Furniture,TimberCraft,Warehouse A,South,2,279.7,75.0,67,559.41,74.38,On Time
ORD-11018,2024-08-03,2024-08-04,Wireless Earbuds,Electronics,TechCorp,Warehouse A,South,1,753.84,25.0,319,753.84,251.34,On Time
ORD-11019,2024-08-06,2024-08-07,Office Chair,Furniture,TimberCraft,Warehouse A,North,1,410.71,112.5,205,410.71,25.89,On Time
ORD-11020,2024-08-06,2024-08-21,Running Shoes,Clothing,Vogue Apparel,Warehouse B,North,2,99.24,18.0,347,198.49,70.4,Critical Delay
ORD-11021,2024-08-07,2024-08-10,Bulk Almonds,Grocery,FreshFoods,Warehouse C,West,10,26.69,8.0,82,266.94,17.36,On Time
ORD-11022,2024-08-07,2024-08-09,Smartphone X,Electronics,TechCorp,Warehouse B,North,2,597.21,37.5,215,1194.41,399.29,On Time
ORD-11023,2024-08-08,2024-08-16,Leather Wallet,Accessories,Apex Goods,Warehouse B,West,4,128.96,12.0,193,515.84,226.13,Delayed
ORD-11024,2024-08-09,2024-08-10,Office Chair,Furniture,TimberCraft,Warehouse A,West,1,402.04,75.0,62,402.04,42.91,On Time
ORD-11025,2024-08-10,2024-08-13,Running Shoes,Clothing,Vogue Apparel,Warehouse A,South,2,47.88,12.0,351,95.76,32.3,On Time
ORD-11026,2024-08-10,2024-08-14,Running Shoes,Clothing,Vogue Apparel,Warehouse C,West,2,67.1,12.0,282,134.2,47.68,On Time
ORD-11027,2024-08-10,2024-08-12,Office Chair,Furniture,TimberCraft,Warehouse C,West,1,209.86,75.0,365,209.86,4.47,On Time
ORD-11028,2024-08-10,2024-08-11,Smartphone X,Electronics,TechCorp,Warehouse B,West,1,788.94,25.0,221,788.94,263.63,On Time
ORD-11029,2024-08-10,2024-08-13,Winter Jacket,Clothing,Vogue Apparel,Warehouse B,North,3,43.6,18.0,111,130.79,43.32,On Time
ORD-11030,2024-08-11,2024-08-12,Winter Jacket,Clothing,Vogue Apparel,Warehouse B,West,5,21.93,12.0,361,109.66,37.86,On Time
ORD-11031,2024-08-11,2024-08-13,Ergonomic Desk,Furniture,TimberCraft,Warehouse A,South,2,419.47,75.0,335,838.95,130.29,On Time
ORD-11032,2024-08-11,2024-08-19,Laptop Pro,Electronics,TechCorp,Warehouse B,North,3,1009.47,37.5,236,3028.42,1041.2,Delayed
ORD-11033,2024-08-11,2024-08-19,Wireless Earbuds,Electronics,TechCorp,Warehouse B,North,3,789.21,37.5,246,2367.64,809.92,Delayed
ORD-11034,2024-08-12,2024-08-14,Running Shoes,Clothing,Vogue Apparel,Warehouse A,North,1,136.72,18.0,258,136.72,45.69,On Time
ORD-11035,2024-08-12,2024-08-22,Bulk Almonds,Grocery,FreshFoods,Warehouse B,North,12,20.71,12.0,59,248.57,13.89,Delayed
ORD-11036,2024-08-13,2024-08-20,Denim Jeans,Clothing,Vogue Apparel,Warehouse B,North,1,99.37,18.0,288,99.37,30.75,Delayed
ORD-11037,2024-08-14,2024-08-18,Wireless Earbuds,Electronics,TechCorp,Warehouse B,North,1,952.12,37.5,217,952.12,314.49,On Time
ORD-11038,2024-08-14,2024-08-23,Wireless Earbuds,Electronics,TechCorp,Warehouse B,South,2,806.19,25.0,305,1612.39,551.84,Delayed
ORD-11039,2024-08-15,2024-08-19,Ergonomic Desk,Furniture,TimberCraft,Warehouse A,East,2,490.73,75.0,166,981.47,158.79,On Time
ORD-11040,2024-08-15,2024-08-19,Bulk Almonds,Grocery,FreshFoods,Warehouse A,East,13,29.3,8.0,306,380.87,26.47,On Time
ORD-11041,2024-08-15,2024-08-17,Leather Wallet,Accessories,Apex Goods,Warehouse B,North,5,117.36,18.0,65,586.8,255.06,On Time
ORD-11042,2024-08-16,2024-08-18,Backpack,Accessories,Apex Goods,Warehouse A,East,1,31.06,12.0,40,31.06,-4.66,On Time
ORD-11043,2024-08-16,2024-08-18,Ergonomic Desk,Furniture,TimberCraft,Warehouse A,East,1,382.91,75.0,340,382.91,39.08,On Time
ORD-11044,2024-08-16,2024-08-19,Winter Jacket,Clothing,Vogue Apparel,Warehouse B,North,5,103.82,18.0,259,519.12,198.65,On Time
ORD-11045,2024-08-17,2024-08-28,Backpack,Accessories,Apex Goods,Warehouse B,North,4,90.12,18.0,300,360.48,153.22,Critical Delay
ORD-11046,2024-08-18,2024-08-20,Energy Drinks,Grocery,FreshFoods,Warehouse C,East,12,38.01,8.0,23,456.15,32.49,On Time
ORD-11047,2024-08-20,2024-08-29,Running Shoes,Clothing,Vogue Apparel,Warehouse B,North,4,85.81,18.0,320,343.24,128.3,Delayed
ORD-11048,2024-08-20,2024-08-25,Laptop Pro,Electronics,TechCorp,Warehouse B,North,2,748.95,37.5,282,1497.9,505.51,On Time
ORD-11049,2024-08-20,2024-08-22,Laptop Pro,Electronics,TechCorp,Warehouse B,South,2,491.58,25.0,99,983.15,331.6,On Time
ORD-11050,2024-08-23,2024-08-28,Leather Wallet,Accessories,Apex Goods,Warehouse A,East,3,131.45,12.0,211,394.36,171.46,On Time
ORD-11051,2024-08-23,2024-08-24,Denim Jeans,Clothing,Vogue Apparel,Warehouse C,East,2,98.79,12.0,223,197.59,73.04,On Time
ORD-11052,2024-08-26,2024-08-28,Organic Coffee,Grocery,FreshFoods,Warehouse C,South,6,17.85,8.0,99,107.11,4.57,On Time
ORD-11053,2024-08-26,2024-08-31,4K Monitor,Electronics,TechCorp,Warehouse A,East,2,480.88,25.0,102,961.77,324.12,On Time
ORD-11054,2024-08-27,2024-08-30,Denim Jeans,Clothing,Vogue Apparel,Warehouse A,North,3,76.66,18.0,167,229.98,82.99,On Time
ORD-11055,2024-08-27,2024-09-03,Bulk Almonds,Grocery,FreshFoods,Warehouse B,North,14,39.26,12.0,2,549.7,37.98,Delayed
ORD-11056,2024-08-29,2024-09-02,Denim Jeans,Clothing,Vogue Apparel,Warehouse A,North,1,86.87,18.0,199,86.87,25.75,On Time
ORD-11057,2024-08-29,2024-09-03,Denim Jeans,Clothing,Vogue Apparel,Warehouse B,North,5,73.89,18.0,350,369.44,138.78,On Time
ORD-11058,2024-08-30,2024-09-01,4K Monitor,Electronics,TechCorp,Warehouse B,West,2,276.73,25.0,271,553.45,181.21,On Time
ORD-11059,2024-08-31,2024-09-03,Running Shoes,Clothing,Vogue Apparel,Warehouse B,West,5,21.31,12.0,389,106.55,36.62,On Time
ORD-11060,2024-08-31,2024-09-02,Energy Drinks,Grocery,FreshFoods,Warehouse B,North,12,21.87,12.0,26,262.42,14.99,On Time
ORD-11061,2024-09-01,2024-09-10,Wireless Earbuds,Electronics,TechCorp,Warehouse B,North,1,442.8,37.5,389,442.8,136.23,Delayed
ORD-11062,2024-09-01,2024-09-05,Energy Drinks,Grocery,FreshFoods,Warehouse B,South,13,49.27,8.0,2,640.48,47.24,On Time
ORD-11063,2024-09-04,2024-09-20,Smartphone X,Electronics,TechCorp,Warehouse B,South,1,861.0,25.0,295,861.0,288.85,Critical Delay
ORD-11064,2024-09-04,2024-09-06,Backpack,Accessories,Apex Goods,Warehouse B,North,3,70.79,18.0,115,212.38,86.57,On Time
ORD-11065,2024-09-04,2024-09-09,Backpack,Accessories,Apex Goods,Warehouse B,East,1,52.87,12.0,351,52.87,17.79,On Time
ORD-11066,2024-09-05,2024-09-06,Energy Drinks,Grocery,FreshFoods,Warehouse C,West,13,32.85,8.0,366,427.11,30.17,On Time
ORD-11067,2024-09-06,2024-09-09,Smartphone X,Electronics,TechCorp,Warehouse C,East,3,955.08,25.0,102,2865.24,990.33,On Time
ORD-11068,2024-09-07,2024-09-10,Denim Jeans,Clothing,Vogue Apparel,Warehouse B,North,3,48.91,18.0,126,146.72,49.69,On Time
ORD-11069,2024-09-08,2024-09-24,Backpack,Accessories,Apex Goods,Warehouse B,North,2,144.83,18.0,273,289.67,121.35,Critical Delay
ORD-11070,2024-09-09,2024-09-14,4K Monitor,Electronics,TechCorp,Warehouse C,West,1,865.85,25.0,360,865.85,290.55,On Time
ORD-11071,2024-09-10,2024-09-13,Running Shoes,Clothing,Vogue Apparel,Warehouse B,North,4,111.89,18.0,314,447.55,170.02,On Time
ORD-11072,2024-09-11,2024-09-25,Bulk Almonds,Grocery,FreshFoods,Warehouse B,East,8,35.22,8.0,189,281.75,18.54,Critical Delay
ORD-11073,2024-09-11,2024-09-12,Leather Wallet,Accessories,Apex Goods,Warehouse A,South,1,70.23,12.0,371,70.23,-10.53,On Time
ORD-11074,2024-09-12,2024-09-24,Backpack,Accessories,Apex Goods,Warehouse B,North,5,97.92,18.0,164,489.6,211.32,Critical Delay
ORD-11075,2024-09-14,2024-09-24,Laptop Pro,Electronics,TechCorp,Warehouse B,East,3,281.86,25.0,238,845.58,283.45,Delayed
ORD-11076,2024-09-14,2024-09-19,Backpack,Accessories,Apex Goods,Warehouse B,West,2,123.36,12.0,284,246.72,105.02,On Time
ORD-11077,2024-09-15,2024-09-28,Leather Wallet,Accessories,Apex Goods,Warehouse B,North,4,69.52,18.0,278,278.06,116.13,Critical Delay
ORD-11078,2024-09-15,2024-09-20,Organic Coffee,Grocery,FreshFoods,Warehouse A,West,7,28.82,8.0,129,201.77,12.14,On Time
ORD-11079,2024-09-15,2024-09-17,Bulk Almonds,Grocery,FreshFoods,Warehouse B,West,10,24.12,8.0,349,241.21,15.3,On Time
ORD-11080,2024-09-15,2024-09-26,Organic Coffee,Grocery,FreshFoods,Warehouse B,North,12,26.94,12.0,128,323.24,19.86,Critical Delay
ORD-11081,2024-09-16,2024-09-18,Laptop Pro,Electronics,TechCorp,Warehouse C,South,1,1088.88,25.0,95,1088.88,368.61,On Time
ORD-11082,2024-09-16,2024-09-18,Denim Jeans,Clothing,Vogue Apparel,Warehouse B,South,4,62.12,12.0,237,248.47,93.39,On Time
ORD-11083,2024-09-17,2024-09-19,Leather Wallet,Accessories,Apex Goods,Warehouse C,East,5,46.58,12.0,324,232.9,98.81,On Time
ORD-11084,2024-09-18,2024-09-21,Laptop Pro,Electronics,TechCorp,Warehouse B,North,3,222.3,37.5,133,666.91,214.67,On Time
ORD-11085,2024-09-18,2024-09-22,Office Chair,Furniture,TimberCraft,Warehouse A,West,1,365.09,75.0,362,365.09,35.52,On Time
ORD-11086,2024-09-19,2024-09-21,Wireless Earbuds,Electronics,TechCorp,Warehouse B,South,1,780.33,25.0,131,780.33,260.62,On Time
ORD-11087,2024-09-19,2024-09-28,Bulk Almonds,Grocery,FreshFoods,Warehouse B,West,8,47.62,8.0,163,380.93,26.47,Delayed
ORD-11088,2024-09-20,2024-09-22,Wireless Earbuds,Electronics,TechCorp,Warehouse C,East,3,582.59,25.0,177,1747.77,599.22,On Time
ORD-11089,2024-09-20,2024-09-24,Office Chair,Furniture,TimberCraft,Warehouse B,East,2,161.38,75.0,217,322.77,27.05,On Time
ORD-11090,2024-09-20,2024-10-02,Organic Coffee,Grocery,FreshFoods,Warehouse B,North,5,42.78,12.0,50,213.9,11.11,Critical Delay
ORD-11091,2024-09-21,2024-09-29,4K Monitor,Electronics,TechCorp,Warehouse B,East,3,243.97,25.0,132,731.91,243.67,Delayed
ORD-11092,2024-09-21,2024-09-23,Winter Jacket,Clothing,Vogue Apparel,Warehouse A,South,2,72.19,12.0,175,144.38,51.75,On Time
ORD-11093,2024-09-22,2024-09-25,Energy Drinks,Grocery,FreshFoods,Warehouse A,West,14,27.61,8.0,48,386.48,26.92,On Time
ORD-11094,2024-09-23,2024-09-28,Denim Jeans,Clothing,Vogue Apparel,Warehouse B,North,3,90.69,18.0,81,272.08,-40.81,On Time
ORD-11095,2024-09-24,2024-09-25,Ergonomic Desk,Furniture,TimberCraft,Warehouse A,East,1,226.95,75.0,209,226.95,7.89,On Time
ORD-11096,2024-09-24,2024-09-29,Smart Watch Band,Accessories,Apex Goods,Warehouse A,West,5,62.71,12.0,268,313.53,-47.03,On Time
ORD-11097,2024-09-25,2024-09-29,Smartphone X,Electronics,TechCorp,Warehouse C,West,2,538.14,25.0,330,1076.29,364.2,On Time
ORD-11098,2024-09-25,2024-09-28,Bulk Almonds,Grocery,FreshFoods,Warehouse A,North,14,31.32,12.0,266,438.42,29.07,On Time
ORD-11099,2024-09-25,2024-09-29,Bookshelf,Furniture,TimberCraft,Warehouse B,North,2,406.22,112.5,326,812.44,106.24,On Time
ORD-11100,2024-09-25,2024-09-27,Bulk Almonds,Grocery,FreshFoods,Warehouse B,North,8,11.9,12.0,232,95.17,1.61,On Time
ORD-11101,2024-09-25,2024-09-29,Organic Coffee,Grocery,FreshFoods,Warehouse B,North,11,43.37,12.0,151,477.08,32.17,On Time
ORD-11102,2024-09-26,2024-10-01,Wireless Earbuds,Electronics,TechCorp,Warehouse B,North,3,1145.01,37.5,106,3435.02,1183.51,On Time
ORD-11103,2024-09-26,2024-09-28,Smart Watch Band,Accessories,Apex Goods,Warehouse B,West,5,98.27,12.0,123,491.37,215.12,On Time
ORD-11104,2024-09-27,2024-09-28,Laptop Pro,Electronics,TechCorp,Warehouse A,East,3,906.87,25.0,278,2720.62,939.72,On Time
ORD-11105,2024-09-28,2024-10-15,Bulk Almonds,Grocery,FreshFoods,Warehouse B,North,8,37.55,12.0,1,300.43,18.03,Critical Delay
ORD-11106,2024-09-28,2024-10-13,Running Shoes,Clothing,Vogue Apparel,Warehouse B,East,4,42.09,12.0,198,168.34,61.34,Critical Delay
ORD-11107,2024-09-30,2024-10-03,Wireless Earbuds,Electronics,TechCorp,Warehouse A,West,3,204.37,25.0,234,613.12,202.09,On Time
ORD-11108,2024-10-01,2024-10-13,Backpack,Accessories,Apex Goods,Warehouse B,East,2,119.99,12.0,254,239.99,-36.0,Critical Delay
ORD-11109,2024-10-01,2024-10-06,Winter Jacket,Clothing,Vogue Apparel,Warehouse A,West,2,139.82,12.0,317,279.65,105.86,On Time
ORD-11110,2024-10-02,2024-10-06,Running Shoes,Clothing,Vogue Apparel,Warehouse A,West,5,116.76,12.0,101,583.8,227.52,On Time
ORD-11111,2024-10-03,2024-10-07,Office Chair,Furniture,TimberCraft,Warehouse B,North,1,375.45,112.5,336,375.45,18.84,On Time
ORD-11112,2024-10-03,2024-10-19,Denim Jeans,Clothing,Vogue Apparel,Warehouse B,West,2,99.81,12.0,272,199.61,73.84,Critical Delay
ORD-11113,2024-10-04,2024-10-09,Organic Coffee,Grocery,FreshFoods,Warehouse B,North,12,48.82,12.0,162,585.87,40.87,On Time
ORD-11114,2024-10-05,2024-10-06,Running Shoes,Clothing,Vogue Apparel,Warehouse A,West,4,35.55,12.0,97,142.21,50.88,On Time
ORD-11115,2024-10-06,2024-10-23,Organic Coffee,Grocery,FreshFoods,Warehouse B,North,14,25.03,12.0,104,350.4,22.03,Critical Delay
ORD-11116,2024-10-07,2024-10-11,Winter Jacket,Clothing,Vogue Apparel,Warehouse C,West,3,96.62,12.0,248,289.86,-43.48,On Time
ORD-11117,2024-10-07,2024-10-09,Office Chair,Furniture,TimberCraft,Warehouse A,West,1,485.18,75.0,354,485.18,59.54,On Time
ORD-11118,2024-10-07,2024-10-10,Office Chair,Furniture,TimberCraft,Warehouse C,West,2,318.0,75.0,228,636.01,89.7,On Time
ORD-11119,2024-10-08,2024-10-09,Smart Watch Band,Accessories,Apex Goods,Warehouse C,South,5,132.03,12.0,106,660.15,291.07,On Time
ORD-11120,2024-10-08,2024-10-24,Office Chair,Furniture,TimberCraft,Warehouse B,West,1,324.38,75.0,303,324.38,27.38,Critical Delay
ORD-11121,2024-10-09,2024-10-14,Smart Watch Band,Accessories,Apex Goods,Warehouse A,East,3,103.85,12.0,239,311.56,134.2,On Time
ORD-11122,2024-10-09,2024-10-20,Organic Coffee,Grocery,FreshFoods,Warehouse B,South,10,49.52,8.0,3,495.2,35.62,Critical Delay
ORD-11123,2024-10-10,2024-10-18,Denim Jeans,Clothing,Vogue Apparel,Warehouse B,North,5,72.12,18.0,328,360.59,135.24,Delayed
ORD-11124,2024-10-11,2024-10-12,Bulk Almonds,Grocery,FreshFoods,Warehouse B,North,5,12.13,12.0,40,60.67,-1.15,On Time
ORD-11125,2024-10-11,2024-10-13,Office Chair,Furniture,TimberCraft,Warehouse C,South,2,242.11,75.0,180,484.21,59.34,On Time
ORD-11126,2024-10-13,2024-10-26,Office Chair,Furniture,TimberCraft,Warehouse B,North,1,472.45,112.5,263,472.45,38.24,Critical Delay
ORD-11127,2024-10-14,2024-10-16,Wireless Earbuds,Electronics,TechCorp,Warehouse A,East,1,885.85,25.0,50,885.85,297.55,On Time
ORD-11128,2024-10-15,2024-10-24,Energy Drinks,Grocery,FreshFoods,Warehouse B,South,5,43.53,8.0,5,217.67,13.41,Delayed
ORD-11129,2024-10-15,2024-10-22,Smart Watch Band,Accessories,Apex Goods,Warehouse B,West,2,97.23,12.0,346,194.47,81.51,Delayed
ORD-11130,2024-10-17,2024-10-18,Bookshelf,Furniture,TimberCraft,Warehouse A,East,2,148.71,75.0,139,297.41,21.98,On Time
ORD-11131,2024-10-17,2024-10-22,Organic Coffee,Grocery,FreshFoods,Warehouse C,East,6,32.59,8.0,371,195.56,11.64,On Time
ORD-11132,2024-10-18,2024-10-19,Running Shoes,Clothing,Vogue Apparel,Warehouse A,North,3,26.04,18.0,278,78.13,22.25,On Time
ORD-11133,2024-10-18,2024-10-22,Running Shoes,Clothing,Vogue Apparel,Warehouse B,North,1,87.67,18.0,58,87.67,26.07,On Time
ORD-11134,2024-10-19,2024-10-21,Wireless Earbuds,Electronics,TechCorp,Warehouse B,East,2,879.84,25.0,49,1759.67,603.38,On Time
ORD-11135,2024-10-20,2024-10-25,Energy Drinks,Grocery,FreshFoods,Warehouse C,East,8,26.57,8.0,328,212.54,13.0,On Time
ORD-11136,2024-10-21,2024-10-26,Bookshelf,Furniture,TimberCraft,Warehouse A,South,1,305.99,75.0,345,305.99,23.7,On Time
ORD-11137,2024-10-22,2024-10-27,Bookshelf,Furniture,TimberCraft,Warehouse C,West,1,422.25,75.0,92,422.25,46.95,On Time
ORD-11138,2024-10-22,2024-11-04,Smart Watch Band,Accessories,Apex Goods,Warehouse B,North,2,137.46,18.0,236,274.93,114.72,Critical Delay
ORD-11139,2024-10-22,2024-10-24,Bookshelf,Furniture,TimberCraft,Warehouse A,North,1,217.34,112.5,171,217.34,-12.78,On Time
ORD-11140,2024-10-22,2024-10-25,Smartphone X,Electronics,TechCorp,Warehouse B,North,2,664.07,37.5,266,1328.14,446.1,On Time
ORD-11141,2024-10-22,2024-10-25,Wireless Earbuds,Electronics,TechCorp,Warehouse A,West,2,968.09,25.0,51,1936.17,665.16,On Time
ORD-11142,2024-10-23,2024-10-31,Backpack,Accessories,Apex Goods,Warehouse B,North,4,72.39,18.0,332,289.55,121.3,Delayed
ORD-11143,2024-10-23,2024-10-28,Energy Drinks,Grocery,FreshFoods,Warehouse A,South,9,16.74,8.0,178,150.67,8.05,On Time
ORD-11144,2024-10-23,2024-10-30,Leather Wallet,Accessories,Apex Goods,Warehouse B,West,3,25.67,12.0,228,77.0,28.65,Delayed
ORD-11145,2024-10-23,2024-10-24,Leather Wallet,Accessories,Apex Goods,Warehouse A,East,2,71.58,12.0,206,143.17,58.43,On Time
ORD-11146,2024-10-23,2024-10-28,Running Shoes,Clothing,Vogue Apparel,Warehouse A,South,1,135.31,12.0,40,135.31,48.12,On Time
ORD-11147,2024-10-23,2024-10-25,Organic Coffee,Grocery,FreshFoods,Warehouse B,North,14,23.15,12.0,351,324.15,19.93,On Time
ORD-11148,2024-10-24,2024-10-25,4K Monitor,Electronics,TechCorp,Warehouse B,North,2,1101.39,37.5,182,2202.77,752.22,On Time
ORD-11149,2024-10-24,2024-11-02,Running Shoes,Clothing,Vogue Apparel,Warehouse B,East,4,69.67,12.0,116,278.7,105.48,Delayed
ORD-11150,2024-10-24,2024-10-29,Laptop Pro,Electronics,TechCorp,Warehouse C,East,1,468.73,25.0,136,468.73,151.56,On Time
ORD-11151,2024-10-25,2024-11-06,Energy Drinks,Grocery,FreshFoods,Warehouse B,North,8,12.4,12.0,302,99.18,1.93,Critical Delay
ORD-11152,2024-10-25,2024-10-30,Laptop Pro,Electronics,TechCorp,Warehouse C,South,2,898.89,25.0,279,1797.77,616.72,On Time
ORD-11153,2024-10-25,2024-10-26,Bulk Almonds,Grocery,FreshFoods,Warehouse A,East,7,28.35,8.0,276,198.43,11.87,On Time
ORD-11154,2024-10-25,2024-10-29,Smartphone X,Electronics,TechCorp,Warehouse C,West,1,1086.82,25.0,320,1086.82,367.89,On Time
ORD-11155,2024-10-25,2024-10-28,Organic Coffee,Grocery,FreshFoods,Warehouse A,East,10,44.71,8.0,384,447.06,31.76,On Time
ORD-11156,2024-10-26,2024-11-11,Denim Jeans,Clothing,Vogue Apparel,Warehouse B,North,4,53.41,18.0,356,213.63,76.45,Critical Delay
ORD-11157,2024-10-26,2024-10-31,Wireless Earbuds,Electronics,TechCorp,Warehouse A,North,1,395.27,37.5,383,395.27,119.59,On Time
ORD-11158,2024-10-27,2024-10-31,Winter Jacket,Clothing,Vogue Apparel,Warehouse A,East,1,133.21,12.0,195,133.21,47.28,On Time
ORD-11159,2024-10-27,2024-10-30,Denim Jeans,Clothing,Vogue Apparel,Warehouse B,West,3,43.78,12.0,386,131.33,46.53,On Time
ORD-11160,2024-10-27,2024-10-31,Smartphone X,Electronics,TechCorp,Warehouse A,South,3,563.63,25.0,112,1690.88,579.31,On Time
ORD-11161,2024-10-28,2024-11-01,Winter Jacket,Clothing,Vogue Apparel,Warehouse C,South,3,113.01,12.0,398,339.03,129.61,On Time
ORD-11162,2024-10-29,2024-11-03,Smartphone X,Electronics,TechCorp,Warehouse B,North,3,542.87,37.5,119,1628.61,551.26,On Time
ORD-11163,2024-10-30,2024-11-01,Energy Drinks,Grocery,FreshFoods,Warehouse C,South,9,42.72,8.0,257,384.45,26.76,On Time
ORD-11164,2024-10-31,2024-11-14,Bulk Almonds,Grocery,FreshFoods,Warehouse B,South,14,43.56,8.0,65,609.89,44.79,Critical Delay
ORD-11165,2024-10-31,2024-11-03,4K Monitor,Electronics,TechCorp,Warehouse B,East,3,870.66,25.0,103,2611.99,901.7,On Time
ORD-11166,2024-10-31,2024-11-04,Leather Wallet,Accessories,Apex Goods,Warehouse C,West,2,118.5,12.0,187,236.99,100.65,On Time
ORD-11167,2024-11-02,2024-11-07,Organic Coffee,Grocery,FreshFoods,Warehouse B,North,5,10.59,12.0,3,52.97,-1.76,On Time
ORD-11168,2024-11-02,2024-11-03,Organic Coffee,Grocery,FreshFoods,Warehouse C,West,12,23.28,8.0,372,279.32,-41.9,On Time
ORD-11169,2024-11-02,2024-11-12,Smartphone X,Electronics,TechCorp,Warehouse B,North,3,369.72,37.5,28,1109.17,369.46,Delayed
ORD-11170,2024-11-02,2024-11-03,Winter Jacket,Clothing,Vogue Apparel,Warehouse C,East,3,65.51,12.0,330,196.52,72.61,On Time
ORD-11171,2024-11-02,2024-11-07,Bookshelf,Furniture,TimberCraft,Warehouse B,North,2,376.73,112.5,285,753.45,94.44,On Time
ORD-11172,2024-11-03,2024-11-07,Denim Jeans,Clothing,Vogue Apparel,Warehouse C,East,5,121.4,12.0,321,606.98,236.79,On Time
ORD-11173,2024-11-03,2024-11-07,Backpack,Accessories,Apex Goods,Warehouse A,East,4,138.94,12.0,248,555.76,244.09,On Time
ORD-11174,2024-11-04,2024-11-06,4K Monitor,Electronics,TechCorp,Warehouse B,East,2,518.11,25.0,68,1036.22,350.18,On Time
ORD-11175,2024-11-05,2024-11-21,Running Shoes,Clothing,Vogue Apparel,Warehouse B,North,5,69.31,18.0,61,346.54,129.62,Critical Delay
ORD-11176,2024-11-06,2024-11-20,Laptop Pro,Electronics,TechCorp,Warehouse B,North,3,951.37,37.5,206,2854.12,980.19,Critical Delay
ORD-11177,2024-11-06,2024-11-11,Energy Drinks,Grocery,FreshFoods,Warehouse A,West,7,11.97,8.0,265,83.8,2.7,On Time
ORD-11178,2024-11-06,2024-11-07,Wireless Earbuds,Electronics,TechCorp,Warehouse C,East,1,245.46,25.0,106,245.46,73.41,On Time
ORD-11179,2024-11-07,2024-11-08,Smartphone X,Electronics,TechCorp,Warehouse C,South,1,300.03,25.0,68,300.03,92.51,On Time
ORD-11180,2024-11-08,2024-11-13,Energy Drinks,Grocery,FreshFoods,Warehouse A,West,6,16.33,8.0,176,97.95,3.84,On Time
ORD-11181,2024-11-12,2024-11-17,Bookshelf,Furniture,TimberCraft,Warehouse B,North,1,142.86,112.5,278,142.86,-27.68,On Time
ORD-11182,2024-11-12,2024-11-14,4K Monitor,Electronics,TechCorp,Warehouse B,North,1,1160.01,37.5,282,1160.01,387.25,On Time
ORD-11183,2024-11-12,2024-11-13,Bookshelf,Furniture,TimberCraft,Warehouse C,East,1,196.93,75.0,187,196.93,1.89,On Time
ORD-11184,2024-11-12,2024-11-14,4K Monitor,Electronics,TechCorp,Warehouse A,West,3,1179.25,25.0,81,3537.74,1225.71,On Time
ORD-11185,2024-11-13,2024-11-18,Energy Drinks,Grocery,FreshFoods,Warehouse B,North,14,43.47,12.0,357,608.56,42.68,On Time
ORD-11186,2024-11-14,2024-11-15,Denim Jeans,Clothing,Vogue Apparel,Warehouse B,North,3,78.23,18.0,180,234.68,84.87,On Time
ORD-11187,2024-11-14,2024-11-19,Smartphone X,Electronics,TechCorp,Warehouse B,North,3,1051.09,37.5,309,3153.28,1084.9,On Time
ORD-11188,2024-11-15,2024-11-17,Energy Drinks,Grocery,FreshFoods,Warehouse B,North,7,25.84,12.0,7,180.89,8.47,On Time
ORD-11189,2024-11-15,2024-11-18,Smart Watch Band,Accessories,Apex Goods,Warehouse B,East,4,72.47,12.0,301,289.87,124.44,On Time
ORD-11190,2024-11-15,2024-11-19,Smart Watch Band,Accessories,Apex Goods,Warehouse B,East,3,104.08,12.0,190,312.25,-46.84,On Time
ORD-11191,2024-11-15,2024-11-18,Running Shoes,Clothing,Vogue Apparel,Warehouse B,East,3,28.87,12.0,284,86.62,28.65,On Time
ORD-11192,2024-11-16,2024-11-18,Organic Coffee,Grocery,FreshFoods,Warehouse A,East,14,40.57,8.0,43,567.96,41.44,On Time
ORD-11193,2024-11-16,2024-11-19,Organic Coffee,Grocery,FreshFoods,Warehouse B,North,13,34.49,12.0,253,448.32,29.87,On Time
ORD-11194,2024-11-17,2024-11-19,Smartphone X,Electronics,TechCorp,Warehouse A,North,1,249.79,37.5,276,249.79,68.68,On Time
ORD-11195,2024-11-17,2024-11-30,Ergonomic Desk,Furniture,TimberCraft,Warehouse B,West,2,275.05,75.0,231,550.09,72.52,Critical Delay
ORD-11196,2024-11-17,2024-11-22,Smart Watch Band,Accessories,Apex Goods,Warehouse B,North,3,75.19,18.0,94,225.58,92.51,On Time
ORD-11197,2024-11-17,2024-11-19,Backpack,Accessories,Apex Goods,Warehouse A,North,3,95.3,18.0,75,285.91,119.66,On Time
ORD-11198,2024-11-18,2024-11-20,Organic Coffee,Grocery,FreshFoods,Warehouse B,North,14,14.56,12.0,152,203.87,10.31,On Time
ORD-11199,2024-11-18,2024-11-19,Organic Coffee,Grocery,FreshFoods,Warehouse B,North,5,16.25,12.0,89,81.25,0.5,On Time
ORD-11200,2024-11-18,2024-11-20,Leather Wallet,Accessories,Apex Goods,Warehouse B,North,2,62.12,18.0,361,124.25,46.91,On Time
ORD-11201,2024-11-19,2024-11-24,Running Shoes,Clothing,Vogue Apparel,Warehouse B,West,5,64.7,12.0,265,323.48,123.39,On Time
ORD-11202,2024-11-19,2024-11-24,Bookshelf,Furniture,TimberCraft,Warehouse B,North,2,115.7,112.5,78,231.39,-9.97,On Time
ORD-11203,2024-11-19,2024-11-24,Bookshelf,Furniture,TimberCraft,Warehouse A,South,2,211.17,75.0,333,422.34,46.97,On Time
ORD-11204,2024-11-20,2024-11-21,4K Monitor,Electronics,TechCorp,Warehouse A,East,1,814.04,25.0,346,814.04,272.41,On Time
ORD-11205,2024-11-20,2024-11-25,Laptop Pro,Electronics,TechCorp,Warehouse A,West,2,511.19,25.0,184,1022.38,345.33,On Time
ORD-11206,2024-11-20,2024-11-25,Ergonomic Desk,Furniture,TimberCraft,Warehouse A,East,2,152.18,75.0,100,304.36,23.37,On Time
ORD-11207,2024-11-20,2024-11-21,Leather Wallet,Accessories,Apex Goods,Warehouse C,West,2,100.2,12.0,262,200.39,84.18,On Time
ORD-11208,2024-11-21,2024-11-22,Running Shoes,Clothing,Vogue Apparel,Warehouse B,North,1,33.2,18.0,98,33.2,4.28,On Time
ORD-11209,2024-11-21,2024-11-22,Smartphone X,Electronics,TechCorp,Warehouse B,North,1,535.48,37.5,364,535.48,168.67,On Time
ORD-11210,2024-11-22,2024-12-06,Leather Wallet,Accessories,Apex Goods,Warehouse B,North,4,24.28,18.0,313,97.11,34.7,Critical Delay
ORD-11211,2024-11-23,2024-11-30,Smartphone X,Electronics,TechCorp,Warehouse B,West,1,1127.26,25.0,25,1127.26,382.04,Delayed
ORD-11212,2024-11-23,2024-11-24,Laptop Pro,Electronics,TechCorp,Warehouse C,East,1,412.62,25.0,243,412.62,131.92,On Time
ORD-11213,2024-11-23,2024-12-03,Denim Jeans,Clothing,Vogue Apparel,Warehouse B,North,1,58.93,18.0,93,58.93,14.57,Delayed
ORD-11214,2024-11-25,2024-12-07,Denim Jeans,Clothing,Vogue Apparel,Warehouse B,North,2,99.38,18.0,114,198.77,70.51,Critical Delay
ORD-11215,2024-11-27,2024-11-30,Bookshelf,Furniture,TimberCraft,Warehouse A,East,2,477.99,75.0,162,955.97,153.69,On Time
ORD-11216,2024-11-27,2024-11-30,Smartphone X,Electronics,TechCorp,Warehouse C,South,2,965.11,25.0,177,1930.22,663.08,On Time
ORD-11217,2024-11-28,2024-11-29,Leather Wallet,Accessories,Apex Goods,Warehouse A,South,2,135.6,12.0,237,271.2,116.04,On Time
ORD-11218,2024-11-28,2024-12-01,Denim Jeans,Clothing,Vogue Apparel,Warehouse A,South,3,96.64,12.0,373,289.91,109.96,On Time
ORD-11219,2024-11-29,2024-12-04,Winter Jacket,Clothing,Vogue Apparel,Warehouse A,West,2,22.23,12.0,321,44.46,11.78,On Time
ORD-11220,2024-11-29,2024-12-08,Running Shoes,Clothing,Vogue Apparel,Warehouse B,North,2,21.08,18.0,21,42.16,7.86,Delayed
ORD-11221,2024-11-29,2024-12-02,Laptop Pro,Electronics,TechCorp,Warehouse A,West,3,812.98,25.0,372,2438.93,841.13,On Time
ORD-11222,2024-11-30,2024-12-03,4K Monitor,Electronics,TechCorp,Warehouse B,North,1,400.02,37.5,344,400.02,121.26,On Time
ORD-11223,2024-11-30,2024-12-03,Smart Watch Band,Accessories,Apex Goods,Warehouse B,North,1,122.69,18.0,261,122.69,46.21,On Time
ORD-11224,2024-11-30,2024-12-10,Office Chair,Furniture,TimberCraft,Warehouse B,North,2,424.46,112.5,237,848.93,113.54,Delayed
ORD-11225,2024-11-30,2024-12-03,Wireless Earbuds,Electronics,TechCorp,Warehouse C,East,1,1030.58,25.0,338,1030.58,348.2,On Time
ORD-11226,2024-11-30,2024-12-04,Smartphone X,Electronics,TechCorp,Warehouse A,South,1,484.8,25.0,209,484.8,157.18,On Time
ORD-11227,2024-11-30,2024-12-01,Energy Drinks,Grocery,FreshFoods,Warehouse C,South,13,39.92,8.0,235,518.99,37.52,On Time
ORD-11228,2024-11-30,2024-12-05,Wireless Earbuds,Electronics,TechCorp,Warehouse A,West,1,1160.74,25.0,218,1160.74,393.76,On Time
ORD-11229,2024-12-02,2024-12-03,Denim Jeans,Clothing,Vogue Apparel,Warehouse A,East,5,53.88,12.0,138,269.39,101.76,On Time
ORD-11230,2024-12-03,2024-12-08,Bookshelf,Furniture,TimberCraft,Warehouse C,South,1,117.42,75.0,58,117.42,-14.02,On Time
ORD-11231,2024-12-03,2024-12-05,4K Monitor,Electronics,TechCorp,Warehouse B,East,1,600.75,25.0,318,600.75,197.76,On Time
ORD-11232,2024-12-04,2024-12-05,Organic Coffee,Grocery,FreshFoods,Warehouse A,South,13,27.38,8.0,313,355.9,24.47,On Time
ORD-11233,2024-12-04,2024-12-06,Running Shoes,Clothing,Vogue Apparel,Warehouse C,East,2,131.64,12.0,264,263.28,99.31,On Time
ORD-11234,2024-12-04,2024-12-14,Smartphone X,Electronics,TechCorp,Warehouse B,North,2,531.69,37.5,248,1063.38,353.43,Delayed
ORD-11235,2024-12-05,2024-12-09,Backpack,Accessories,Apex Goods,Warehouse B,North,4,94.97,18.0,197,379.87,161.94,On Time
ORD-11236,2024-12-05,2024-12-16,Energy Drinks,Grocery,FreshFoods,Warehouse B,North,5,15.99,12.0,150,79.93,0.39,Critical Delay
ORD-11237,2024-12-07,2024-12-11,Bulk Almonds,Grocery,FreshFoods,Warehouse C,East,14,27.28,8.0,3,381.97,26.56,On Time
ORD-11238,2024-12-08,2024-12-11,Organic Coffee,Grocery,FreshFoods,Warehouse C,East,6,21.69,8.0,316,130.16,6.41,On Time
ORD-11239,2024-12-09,2024-12-13,Office Chair,Furniture,TimberCraft,Warehouse B,North,2,255.19,112.5,311,510.39,45.83,On Time
ORD-11240,2024-12-09,2024-12-13,Wireless Earbuds,Electronics,TechCorp,Warehouse C,South,1,426.27,25.0,331,426.27,136.69,On Time
ORD-11241,2024-12-09,2024-12-14,Bulk Almonds,Grocery,FreshFoods,Warehouse B,North,13,21.97,12.0,223,285.55,16.84,On Time
ORD-11242,2024-12-10,2024-12-13,Bookshelf,Furniture,TimberCraft,Warehouse C,West,1,482.62,75.0,299,482.62,59.02,On Time
ORD-11243,2024-12-10,2024-12-14,Smart Watch Band,Accessories,Apex Goods,Warehouse B,North,5,148.55,18.0,104,742.74,325.23,On Time
ORD-11244,2024-12-10,2024-12-15,Ergonomic Desk,Furniture,TimberCraft,Warehouse C,South,1,209.03,75.0,306,209.03,4.31,On Time
ORD-11245,2024-12-10,2024-12-23,Organic Coffee,Grocery,FreshFoods,Warehouse B,North,8,23.32,12.0,192,186.58,8.93,Critical Delay
ORD-11246,2024-12-11,2024-12-20,Bulk Almonds,Grocery,FreshFoods,Warehouse B,East,9,26.61,8.0,39,239.45,15.16,Delayed
ORD-11247,2024-12-11,2024-12-14,Wireless Earbuds,Electronics,TechCorp,Warehouse B,West,1,834.99,25.0,30,834.99,279.75,On Time
ORD-11248,2024-12-12,2024-12-13,Energy Drinks,Grocery,FreshFoods,Warehouse B,North,8,41.37,12.0,388,330.97,20.48,On Time
ORD-11249,2024-12-13,2024-12-24,Winter Jacket,Clothing,Vogue Apparel,Warehouse B,North,5,64.84,18.0,294,324.18,120.67,Critical Delay
ORD-11250,2024-12-14,2024-12-17,4K Monitor,Electronics,TechCorp,Warehouse B,South,1,271.89,25.0,139,271.89,82.66,On Time
ORD-11251,2024-12-14,2024-12-18,Energy Drinks,Grocery,FreshFoods,Warehouse B,West,14,25.51,8.0,26,357.09,24.57,On Time
ORD-11252,2024-12-14,2024-12-23,Winter Jacket,Clothing,Vogue Apparel,Warehouse B,East,1,78.65,12.0,295,78.65,25.46,Delayed
ORD-11253,2024-12-14,2024-12-15,Wireless Earbuds,Electronics,TechCorp,Warehouse B,North,2,1186.36,37.5,40,2372.73,811.71,On Time
ORD-11254,2024-12-14,2024-12-17,Bulk Almonds,Grocery,FreshFoods,Warehouse C,East,13,13.86,8.0,312,180.22,10.42,On Time
ORD-11255,2024-12-15,2024-12-20,Denim Jeans,Clothing,Vogue Apparel,Warehouse B,North,2,113.44,18.0,240,226.89,81.76,On Time
ORD-11256,2024-12-15,2024-12-17,Running Shoes,Clothing,Vogue Apparel,Warehouse A,East,5,64.9,12.0,339,324.51,123.8,On Time
ORD-11257,2024-12-15,2024-12-31,Ergonomic Desk,Furniture,TimberCraft,Warehouse B,North,2,476.75,112.5,198,953.5,134.45,Critical Delay
ORD-11258,2024-12-16,2024-12-20,Wireless Earbuds,Electronics,TechCorp,Warehouse C,South,1,1076.03,25.0,169,1076.03,364.11,On Time
ORD-11259,2024-12-16,2024-12-17,Wireless Earbuds,Electronics,TechCorp,Warehouse A,West,3,683.86,25.0,147,2051.58,705.55,On Time
ORD-11260,2024-12-17,2024-12-30,Wireless Earbuds,Electronics,TechCorp,Warehouse B,North,1,350.66,37.5,385,350.66,103.98,Critical Delay
ORD-11261,2024-12-18,2024-12-22,Backpack,Accessories,Apex Goods,Warehouse B,North,3,103.15,18.0,399,309.45,130.25,On Time
ORD-11262,2024-12-19,2024-12-21,Organic Coffee,Grocery,FreshFoods,Warehouse A,South,13,38.89,8.0,7,505.52,36.44,On Time
ORD-11263,2024-12-20,2024-12-22,Office Chair,Furniture,TimberCraft,Warehouse C,East,2,401.81,75.0,62,803.62,123.22,On Time
ORD-11264,2024-12-20,2024-12-22,Running Shoes,Clothing,Vogue Apparel,Warehouse B,North,2,61.15,18.0,240,122.3,39.92,On Time
ORD-11265,2024-12-21,2024-12-22,Bulk Almonds,Grocery,FreshFoods,Warehouse B,North,13,43.49,12.0,8,565.39,39.23,On Time
ORD-11266,2024-12-21,2024-12-24,Bulk Almonds,Grocery,FreshFoods,Warehouse B,North,12,22.24,12.0,124,266.91,15.35,On Time
ORD-11267,2024-12-22,2024-12-27,Denim Jeans,Clothing,Vogue Apparel,Warehouse A,East,3,30.85,12.0,25,92.55,31.02,On Time
ORD-11268,2024-12-23,2025-01-02,Bulk Almonds,Grocery,FreshFoods,Warehouse B,South,12,30.65,8.0,0,367.86,25.43,Delayed
ORD-11269,2024-12-24,2024-12-29,Organic Coffee,Grocery,FreshFoods,Warehouse A,East,14,24.93,8.0,276,349.06,23.92,On Time
ORD-11270,2024-12-25,2024-12-26,Energy Drinks,Grocery,FreshFoods,Warehouse B,North,5,35.11,12.0,6,175.53,8.04,On Time
ORD-11271,2024-12-25,2024-12-30,Laptop Pro,Electronics,TechCorp,Warehouse C,South,2,619.39,25.0,177,1238.78,421.07,On Time
ORD-11272,2024-12-26,2024-12-29,4K Monitor,Electronics,TechCorp,Warehouse B,North,1,450.37,37.5,36,450.37,138.88,On Time
ORD-11273,2024-12-26,2025-01-07,Running Shoes,Clothing,Vogue Apparel,Warehouse B,East,5,147.0,12.0,282,735.01,288.0,Critical Delay
ORD-11274,2024-12-26,2024-12-28,Energy Drinks,Grocery,FreshFoods,Warehouse C,South,5,19.77,8.0,120,98.84,3.91,On Time
ORD-11275,2024-12-26,2024-12-30,Bulk Almonds,Grocery,FreshFoods,Warehouse A,West,10,14.35,8.0,362,143.51,7.48,On Time
ORD-11276,2024-12-26,2025-01-10,Laptop Pro,Electronics,TechCorp,Warehouse B,North,1,1182.42,37.5,393,1182.42,395.1,Critical Delay
ORD-11277,2024-12-27,2025-01-06,Backpack,Accessories,Apex Goods,Warehouse B,North,2,98.06,18.0,128,196.12,79.25,Delayed
ORD-11278,2024-12-27,2024-12-30,Energy Drinks,Grocery,FreshFoods,Warehouse B,West,14,17.69,8.0,215,247.71,15.82,On Time
ORD-11279,2024-12-27,2024-12-31,Bookshelf,Furniture,TimberCraft,Warehouse A,West,2,133.56,75.0,270,267.12,15.92,On Time
ORD-11280,2024-12-27,2025-01-10,Wireless Earbuds,Electronics,TechCorp,Warehouse B,North,3,1000.32,37.5,356,3000.97,1031.59,Critical Delay
ORD-11281,2024-12-27,2024-12-30,Leather Wallet,Accessories,Apex Goods,Warehouse C,East,5,114.89,12.0,266,574.44,252.5,On Time
ORD-11282,2024-12-29,2024-12-31,Organic Coffee,Grocery,FreshFoods,Warehouse A,West,9,13.01,8.0,162,117.13,5.37,On Time
ORD-11283,2024-12-29,2025-01-06,Wireless Earbuds,Electronics,TechCorp,Warehouse B,East,1,752.98,25.0,333,752.98,251.04,Delayed
ORD-11284,2024-12-29,2025-01-01,Leather Wallet,Accessories,Apex Goods,Warehouse C,East,4,87.29,12.0,239,349.18,151.13,On Time
ORD-11285,2024-12-30,2025-01-01,4K Monitor,Electronics,TechCorp,Warehouse C,South,1,533.4,25.0,362,533.4,174.19,On Time
ORD-11286,2024-12-30,2024-12-31,Organic Coffee,Grocery,FreshFoods,Warehouse A,West,13,32.98,8.0,199,428.71,30.3,On Time
ORD-11287,2024-12-31,2025-01-12,Winter Jacket,Clothing,Vogue Apparel,Warehouse B,North,3,130.44,18.0,166,391.32,147.53,Critical Delay
ORD-11288,2024-12-31,2025-01-01,Energy Drinks,Grocery,FreshFoods,Warehouse B,West,7,34.53,8.0,3,241.71,-36.26,On Time
ORD-11289,2025-01-01,2025-01-02,Energy Drinks,Grocery,FreshFoods,Warehouse B,South,10,36.32,8.0,239,363.18,25.05,On Time
ORD-11290,2025-01-01,2025-01-04,Smartphone X,Electronics,TechCorp,Warehouse C,East,1,510.02,25.0,96,510.02,166.01,On Time
ORD-11291,2025-01-01,2025-01-02,Organic Coffee,Grocery,FreshFoods,Warehouse B,North,14,26.83,12.0,327,375.63,24.05,On Time
ORD-11292,2025-01-02,2025-01-03,Backpack,Accessories,Apex Goods,Warehouse B,North,3,37.73,18.0,130,113.18,41.93,On Time
ORD-11293,2025-01-03,2025-01-06,Leather Wallet,Accessories,Apex Goods,Warehouse A,West,1,113.61,12.0,279,113.61,45.12,On Time
ORD-11294,2025-01-04,2025-01-08,Bookshelf,Furniture,TimberCraft,Warehouse C,West,2,137.3,75.0,290,274.61,17.42,On Time
ORD-11295,2025-01-04,2025-01-07,Smart Watch Band,Accessories,Apex Goods,Warehouse B,North,3,138.13,18.0,33,414.39,177.48,On Time
ORD-11296,2025-01-05,2025-01-08,Leather Wallet,Accessories,Apex Goods,Warehouse B,North,1,82.69,18.0,261,82.69,28.21,On Time
ORD-11297,2025-01-05,2025-01-10,Bookshelf,Furniture,TimberCraft,Warehouse B,North,2,486.25,112.5,162,972.5,138.25,On Time
ORD-11298,2025-01-05,2025-01-07,Running Shoes,Clothing,Vogue Apparel,Warehouse B,North,4,130.12,18.0,50,520.46,199.18,On Time
ORD-11299,2025-01-07,2025-01-08,Running Shoes,Clothing,Vogue Apparel,Warehouse C,East,2,76.23,12.0,362,152.47,54.99,On Time
ORD-11300,2025-01-07,2025-01-09,Energy Drinks,Grocery,FreshFoods,Warehouse B,North,11,13.95,12.0,327,153.5,6.28,On Time
ORD-11301,2025-01-07,2025-01-09,Bulk Almonds,Grocery,FreshFoods,Warehouse A,South,9,43.58,8.0,8,392.26,27.38,On Time
ORD-11302,2025-01-07,2025-01-10,Wireless Earbuds,Electronics,TechCorp,Warehouse A,East,3,1123.09,25.0,45,3369.26,1166.74,On Time
ORD-11303,2025-01-08,2025-01-16,Winter Jacket,Clothing,Vogue Apparel,Warehouse B,North,2,55.84,18.0,311,111.69,35.68,Delayed
ORD-11304,2025-01-08,2025-01-16,Organic Coffee,Grocery,FreshFoods,Warehouse B,North,12,20.75,12.0,1,249.0,13.92,Delayed
ORD-11305,2025-01-08,2025-01-13,Office Chair,Furniture,TimberCraft,Warehouse C,East,2,167.86,75.0,353,335.73,29.65,On Time
ORD-11306,2025-01-09,2025-01-13,Wireless Earbuds,Electronics,TechCorp,Warehouse A,North,3,796.45,37.5,353,2389.34,817.52,On Time
ORD-11307,2025-01-10,2025-01-15,Smartphone X,Electronics,TechCorp,Warehouse A,North,1,955.19,37.5,43,955.19,315.57,On Time
ORD-11308,2025-01-11,2025-01-20,Running Shoes,Clothing,Vogue Apparel,Warehouse B,North,1,119.61,18.0,189,119.61,38.84,Delayed
ORD-11309,2025-01-12,2025-01-17,Organic Coffee,Grocery,FreshFoods,Warehouse A,West,14,11.82,8.0,157,165.53,9.24,On Time
ORD-11310,2025-01-13,2025-01-14,Denim Jeans,Clothing,Vogue Apparel,Warehouse B,North,2,46.78,18.0,354,93.56,28.42,On Time
ORD-11311,2025-01-13,2025-01-15,Bookshelf,Furniture,TimberCraft,Warehouse A,North,1,469.95,112.5,237,469.95,37.74,On Time
ORD-11312,2025-01-13,2025-01-26,Running Shoes,Clothing,Vogue Apparel,Warehouse B,East,3,65.94,12.0,128,197.81,73.12,Critical Delay
ORD-11313,2025-01-13,2025-01-14,Backpack,Accessories,Apex Goods,Warehouse B,East,1,142.76,12.0,323,142.76,58.24,On Time
ORD-11314,2025-01-15,2025-01-19,Bulk Almonds,Grocery,FreshFoods,Warehouse B,North,6,19.66,12.0,71,117.95,3.44,On Time
ORD-11315,2025-01-15,2025-01-17,Office Chair,Furniture,TimberCraft,Warehouse C,East,2,317.7,75.0,205,635.4,89.58,On Time
ORD-11316,2025-01-17,2025-01-22,Denim Jeans,Clothing,Vogue Apparel,Warehouse B,East,3,76.45,12.0,76,229.35,85.74,On Time
ORD-11317,2025-01-17,2025-01-22,Organic Coffee,Grocery,FreshFoods,Warehouse A,South,10,28.82,8.0,173,288.22,19.06,On Time
ORD-11318,2025-01-17,2025-01-21,Winter Jacket,Clothing,Vogue Apparel,Warehouse B,West,3,141.57,12.0,313,424.71,163.88,On Time
ORD-11319,2025-01-17,2025-01-21,Laptop Pro,Electronics,TechCorp,Warehouse A,North,1,545.2,37.5,132,545.2,172.07,On Time
ORD-11320,2025-01-18,2025-02-04,Denim Jeans,Clothing,Vogue Apparel,Warehouse B,West,4,139.14,12.0,382,556.56,216.62,Critical Delay
ORD-11321,2025-01-18,2025-01-20,Wireless Earbuds,Electronics,TechCorp,Warehouse A,North,3,686.35,37.5,25,2059.05,701.92,On Time
ORD-11322,2025-01-19,2025-01-23,Bulk Almonds,Grocery,FreshFoods,Warehouse A,East,14,41.36,8.0,244,578.99,-86.85,On Time
ORD-11323,2025-01-19,2025-01-22,Running Shoes,Clothing,Vogue Apparel,Warehouse B,North,2,98.41,18.0,28,196.83,69.73,On Time
ORD-11324,2025-01-19,2025-01-30,Backpack,Accessories,Apex Goods,Warehouse B,North,1,115.44,18.0,321,115.44,42.95,Critical Delay
ORD-11325,2025-01-20,2025-02-01,Organic Coffee,Grocery,FreshFoods,Warehouse B,North,11,20.91,12.0,371,229.96,12.4,Critical Delay
ORD-11326,2025-01-20,2025-01-23,Backpack,Accessories,Apex Goods,Warehouse C,West,4,143.21,12.0,129,572.83,-85.92,On Time
ORD-11327,2025-01-20,2025-01-24,Wireless Earbuds,Electronics,TechCorp,Warehouse B,North,3,1158.7,37.5,285,3476.09,1197.88,On Time
ORD-11328,2025-01-21,2025-01-23,Denim Jeans,Clothing,Vogue Apparel,Warehouse A,East,2,98.17,12.0,93,196.34,72.54,On Time
ORD-11329,2025-01-21,2025-01-26,Bulk Almonds,Grocery,FreshFoods,Warehouse A,South,13,40.86,8.0,97,531.21,38.5,On Time
ORD-11330,2025-01-21,2025-01-24,Smart Watch Band,Accessories,Apex Goods,Warehouse C,West,2,117.17,12.0,251,234.35,99.46,On Time
ORD-11331,2025-01-22,2025-02-03,Winter Jacket,Clothing,Vogue Apparel,Warehouse B,North,2,138.51,18.0,332,277.01,101.8,Critical Delay
ORD-11332,2025-01-23,2025-01-28,Backpack,Accessories,Apex Goods,Warehouse B,North,3,140.54,18.0,232,421.63,-63.24,On Time
ORD-11333,2025-01-23,2025-02-09,Bulk Almonds,Grocery,FreshFoods,Warehouse B,North,6,14.13,12.0,165,84.79,0.78,Critical Delay
ORD-11334,2025-01-24,2025-02-07,Denim Jeans,Clothing,Vogue Apparel,Warehouse B,South,3,94.29,12.0,325,282.86,107.14,Critical Delay
ORD-11335,2025-01-24,2025-01-29,Laptop Pro,Electronics,TechCorp,Warehouse A,North,1,1056.37,37.5,25,1056.37,350.98,On Time
ORD-11336,2025-01-24,2025-01-27,Laptop Pro,Electronics,TechCorp,Warehouse A,South,2,879.41,25.0,288,1758.82,603.09,On Time
ORD-11337,2025-01-27,2025-02-11,Office Chair,Furniture,TimberCraft,Warehouse B,North,1,460.48,112.5,328,460.48,35.85,Critical Delay
ORD-11338,2025-01-28,2025-02-11,Energy Drinks,Grocery,FreshFoods,Warehouse B,North,14,21.89,12.0,21,306.51,18.52,Critical Delay
ORD-11339,2025-01-28,2025-01-29,4K Monitor,Electronics,TechCorp,Warehouse A,West,2,1052.73,25.0,293,2105.46,-315.82,On Time
ORD-11340,2025-01-28,2025-01-30,Denim Jeans,Clothing,Vogue Apparel,Warehouse A,East,5,146.09,12.0,324,730.45,286.18,On Time
ORD-11341,2025-01-28,2025-02-02,4K Monitor,Electronics,TechCorp,Warehouse B,East,3,645.97,25.0,339,1937.9,665.76,On Time
ORD-11342,2025-01-28,2025-01-29,Ergonomic Desk,Furniture,TimberCraft,Warehouse A,South,1,389.6,75.0,69,389.6,40.42,On Time
ORD-11343,2025-01-28,2025-01-29,Smartphone X,Electronics,TechCorp,Warehouse C,West,3,565.41,25.0,117,1696.22,581.18,On Time
ORD-11344,2025-01-30,2025-02-04,Leather Wallet,Accessories,Apex Goods,Warehouse B,North,4,102.85,18.0,276,411.39,-61.71,On Time
ORD-11345,2025-01-30,2025-02-04,Running Shoes,Clothing,Vogue Apparel,Warehouse A,North,5,81.99,18.0,223,409.95,154.98,On Time
ORD-11346,2025-01-30,2025-01-31,Bulk Almonds,Grocery,FreshFoods,Warehouse C,East,6,41.88,8.0,157,251.26,16.1,On Time
ORD-11347,2025-01-30,2025-02-07,Backpack,Accessories,Apex Goods,Warehouse B,North,3,144.79,18.0,209,434.37,186.47,Delayed
ORD-11348,2025-01-30,2025-02-01,Bulk Almonds,Grocery,FreshFoods,Warehouse B,West,12,19.09,8.0,162,229.02,14.32,On Time
ORD-11349,2025-01-31,2025-02-14,Energy Drinks,Grocery,FreshFoods,Warehouse B,North,6,16.88,12.0,7,101.27,2.1,Critical Delay
ORD-11350,2025-02-01,2025-02-18,Backpack,Accessories,Apex Goods,Warehouse B,North,1,61.85,18.0,159,61.85,18.83,Critical Delay
ORD-11351,2025-02-01,2025-02-03,Winter Jacket,Clothing,Vogue Apparel,Warehouse B,North,1,23.48,18.0,101,23.48,0.39,On Time
ORD-11352,2025-02-01,2025-02-10,Bulk Almonds,Grocery,FreshFoods,Warehouse B,North,5,33.19,12.0,321,165.93,7.27,Delayed
ORD-11353,2025-02-02,2025-02-06,Smart Watch Band,Accessories,Apex Goods,Warehouse B,South,1,109.52,12.0,196,109.52,-16.43,On Time
ORD-11354,2025-02-02,2025-02-07,Bulk Almonds,Grocery,FreshFoods,Warehouse C,West,13,19.81,8.0,1,257.48,16.6,On Time
ORD-11355,2025-02-02,2025-02-17,Energy Drinks,Grocery,FreshFoods,Warehouse B,West,6,33.71,8.0,3,202.24,12.18,Critical Delay
ORD-11356,2025-02-02,2025-02-04,Winter Jacket,Clothing,Vogue Apparel,Warehouse C,South,4,53.45,12.0,70,213.82,79.53,On Time
ORD-11357,2025-02-02,2025-02-06,4K Monitor,Electronics,TechCorp,Warehouse A,West,2,1061.36,25.0,83,2122.73,730.46,On Time
ORD-11358,2025-02-05,2025-02-07,Ergonomic Desk,Furniture,TimberCraft,Warehouse A,West,2,257.47,75.0,100,514.94,65.49,On Time
ORD-11359,2025-02-05,2025-02-06,Office Chair,Furniture,TimberCraft,Warehouse C,South,2,117.88,75.0,390,235.77,9.65,On Time
ORD-11360,2025-02-05,2025-02-06,Energy Drinks,Grocery,FreshFoods,Warehouse A,West,7,47.62,8.0,1,333.36,22.67,On Time
ORD-11361,2025-02-05,2025-02-07,Laptop Pro,Electronics,TechCorp,Warehouse C,West,1,388.91,25.0,175,388.91,123.62,On Time
ORD-11362,2025-02-06,2025-02-10,Laptop Pro,Electronics,TechCorp,Warehouse B,South,3,756.12,25.0,282,2268.35,781.42,On Time
ORD-11363,2025-02-07,2025-02-11,Bookshelf,Furniture,TimberCraft,Warehouse C,East,2,214.24,75.0,142,428.47,48.19,On Time
ORD-11364,2025-02-07,2025-02-17,Ergonomic Desk,Furniture,TimberCraft,Warehouse B,South,2,153.29,75.0,97,306.58,23.82,Delayed
ORD-11365,2025-02-08,2025-02-09,Smart Watch Band,Accessories,Apex Goods,Warehouse B,North,3,138.16,18.0,305,414.47,177.51,On Time
ORD-11366,2025-02-08,2025-02-09,Denim Jeans,Clothing,Vogue Apparel,Warehouse A,East,5,27.47,12.0,268,137.33,48.93,On Time
ORD-11367,2025-02-08,2025-02-11,4K Monitor,Electronics,TechCorp,Warehouse A,East,2,779.47,25.0,188,1558.95,533.13,On Time
ORD-11368,2025-02-08,2025-02-12,Running Shoes,Clothing,Vogue Apparel,Warehouse C,West,4,37.36,12.0,308,149.45,53.78,On Time
ORD-11369,2025-02-08,2025-02-10,Smart Watch Band,Accessories,Apex Goods,Warehouse B,South,3,82.78,12.0,119,248.35,105.76,On Time
ORD-11370,2025-02-08,2025-02-12,Running Shoes,Clothing,Vogue Apparel,Warehouse C,South,5,92.77,12.0,215,463.86,179.54,On Time
ORD-11371,2025-02-09,2025-02-12,Running Shoes,Clothing,Vogue Apparel,Warehouse C,East,3,48.85,12.0,354,146.55,52.62,On Time
ORD-11372,2025-02-09,2025-02-24,Bookshelf,Furniture,TimberCraft,Warehouse B,North,2,307.9,112.5,67,615.79,66.91,Critical Delay
ORD-11373,2025-02-10,2025-02-11,Running Shoes,Clothing,Vogue Apparel,Warehouse A,East,3,46.23,12.0,26,138.7,49.48,On Time
ORD-11374,2025-02-11,2025-02-16,Wireless Earbuds,Electronics,TechCorp,Warehouse B,North,2,1076.35,37.5,348,2152.7,734.69,On Time
ORD-11375,2025-02-12,2025-02-16,Energy Drinks,Grocery,FreshFoods,Warehouse A,West,6,47.04,8.0,205,282.25,18.58,On Time
ORD-11376,2025-02-12,2025-02-28,Backpack,Accessories,Apex Goods,Warehouse B,South,2,142.36,12.0,288,284.72,122.12,Critical Delay
ORD-11377,2025-02-13,2025-02-15,Running Shoes,Clothing,Vogue Apparel,Warehouse C,West,1,132.21,12.0,337,132.21,-19.83,On Time
ORD-11378,2025-02-14,2025-02-17,Winter Jacket,Clothing,Vogue Apparel,Warehouse B,South,5,64.29,12.0,327,321.44,122.58,On Time
ORD-11379,2025-02-14,2025-02-17,Energy Drinks,Grocery,FreshFoods,Warehouse C,South,11,20.64,8.0,177,227.06,14.16,On Time
ORD-11380,2025-02-14,2025-02-17,Laptop Pro,Electronics,TechCorp,Warehouse A,East,2,389.33,25.0,270,778.67,260.03,On Time
ORD-11381,2025-02-14,2025-02-19,Leather Wallet,Accessories,Apex Goods,Warehouse B,West,5,117.25,12.0,119,586.27,257.82,On Time
ORD-11382,2025-02-15,2025-03-03,Backpack,Accessories,Apex Goods,Warehouse B,West,1,47.56,12.0,198,47.56,15.4,Critical Delay
ORD-11383,2025-02-15,2025-02-20,4K Monitor,Electronics,TechCorp,Warehouse C,West,2,363.64,25.0,298,727.28,242.05,On Time
ORD-11384,2025-02-16,2025-02-20,Denim Jeans,Clothing,Vogue Apparel,Warehouse C,East,4,61.45,12.0,235,245.8,92.32,On Time
ORD-11385,2025-02-16,2025-02-23,4K Monitor,Electronics,TechCorp,Warehouse B,North,3,963.5,37.5,114,2890.5,992.92,Delayed
ORD-11386,2025-02-16,2025-02-17,Laptop Pro,Electronics,TechCorp,Warehouse C,South,1,974.5,25.0,164,974.5,328.57,On Time
ORD-11387,2025-02-17,2025-02-19,Bulk Almonds,Grocery,FreshFoods,Warehouse A,South,11,40.35,8.0,197,443.86,31.51,On Time
ORD-11388,2025-02-17,2025-02-19,Ergonomic Desk,Furniture,TimberCraft,Warehouse B,North,2,262.21,112.5,292,524.42,48.63,On Time
ORD-11389,2025-02-18,2025-02-23,Wireless Earbuds,Electronics,TechCorp,Warehouse B,North,1,462.32,37.5,108,462.32,143.06,On Time
ORD-11390,2025-02-18,2025-03-02,Organic Coffee,Grocery,FreshFoods,Warehouse B,North,6,35.15,12.0,288,210.93,10.87,Critical Delay
ORD-11391,2025-02-19,2025-02-24,Leather Wallet,Accessories,Apex Goods,Warehouse C,West,4,21.51,12.0,269,86.05,32.72,On Time
ORD-11392,2025-02-19,2025-03-07,Bookshelf,Furniture,TimberCraft,Warehouse B,North,1,285.81,112.5,306,285.81,0.91,Critical Delay
ORD-11393,2025-02-19,2025-02-21,Smartphone X,Electronics,TechCorp,Warehouse B,West,1,447.17,25.0,168,447.17,144.01,On Time
ORD-11394,2025-02-19,2025-02-20,Wireless Earbuds,Electronics,TechCorp,Warehouse B,North,3,1016.82,37.5,100,3050.46,1048.91,On Time
ORD-11395,2025-02-21,2025-02-24,Smartphone X,Electronics,TechCorp,Warehouse B,North,3,937.49,37.5,261,2812.47,965.61,On Time
ORD-11396,2025-02-21,2025-02-26,Energy Drinks,Grocery,FreshFoods,Warehouse B,North,11,15.86,12.0,140,174.41,7.95,On Time
ORD-11397,2025-02-22,2025-03-08,Wireless Earbuds,Electronics,TechCorp,Warehouse B,North,3,724.29,37.5,216,2172.86,741.75,Critical Delay
ORD-11398,2025-02-22,2025-02-27,Office Chair,Furniture,TimberCraft,Warehouse B,North,2,202.85,112.5,224,405.69,24.89,On Time
ORD-11399,2025-02-23,2025-02-26,Leather Wallet,Accessories,Apex Goods,Warehouse A,South,3,137.94,12.0,233,413.83,180.22,On Time
ORD-11400,2025-02-23,2025-02-24,Denim Jeans,Clothing,Vogue Apparel,Warehouse C,South,2,122.18,12.0,292,244.36,91.74,On Time
ORD-11401,2025-02-23,2025-03-12,Laptop Pro,Electronics,TechCorp,Warehouse B,East,3,1039.86,25.0,373,3119.58,1079.35,Critical Delay
ORD-11402,2025-02-23,2025-02-28,Laptop Pro,Electronics,TechCorp,Warehouse C,West,3,454.88,25.0,235,1364.65,465.13,On Time
ORD-11403,2025-02-25,2025-02-28,Bulk Almonds,Grocery,FreshFoods,Warehouse C,South,7,30.65,8.0,209,214.57,13.17,On Time
ORD-11404,2025-02-27,2025-03-04,4K Monitor,Electronics,TechCorp,Warehouse A,East,2,724.69,25.0,145,1449.38,494.78,On Time
ORD-11405,2025-02-27,2025-03-11,Smart Watch Band,Accessories,Apex Goods,Warehouse B,South,2,64.64,12.0,323,129.29,52.18,Critical Delay
ORD-11406,2025-02-28,2025-03-03,4K Monitor,Electronics,TechCorp,Warehouse A,East,1,896.44,25.0,390,896.44,301.25,On Time
ORD-11407,2025-02-28,2025-03-02,Organic Coffee,Grocery,FreshFoods,Warehouse A,North,6,16.03,12.0,216,96.18,1.69,On Time
ORD-11408,2025-03-01,2025-03-15,Smart Watch Band,Accessories,Apex Goods,Warehouse B,North,3,44.67,18.0,174,134.01,51.3,Critical Delay
ORD-11409,2025-03-02,2025-03-09,Organic Coffee,Grocery,FreshFoods,Warehouse B,North,12,24.52,12.0,172,294.21,17.54,Delayed
ORD-11410,2025-03-02,2025-03-04,4K Monitor,Electronics,TechCorp,Warehouse B,East,2,885.19,25.0,398,1770.38,607.13,On Time
ORD-11411,2025-03-02,2025-03-04,Bulk Almonds,Grocery,FreshFoods,Warehouse B,East,14,34.34,8.0,7,480.7,34.46,On Time
ORD-11412,2025-03-03,2025-03-08,Organic Coffee,Grocery,FreshFoods,Warehouse B,West,7,14.11,8.0,119,98.79,-14.82,On Time
ORD-11413,2025-03-03,2025-03-11,Winter Jacket,Clothing,Vogue Apparel,Warehouse B,West,4,71.85,12.0,269,287.4,108.96,Delayed
ORD-11414,2025-03-03,2025-03-08,Denim Jeans,Clothing,Vogue Apparel,Warehouse B,East,5,70.49,12.0,165,352.44,134.98,On Time
ORD-11415,2025-03-04,2025-03-06,Bulk Almonds,Grocery,FreshFoods,Warehouse A,East,11,14.16,8.0,7,155.77,8.46,On Time
ORD-11416,2025-03-04,2025-03-06,Laptop Pro,Electronics,TechCorp,Warehouse A,West,3,550.7,25.0,80,1652.11,565.74,On Time
ORD-11417,2025-03-04,2025-03-05,Organic Coffee,Grocery,FreshFoods,Warehouse B,North,9,29.58,12.0,205,266.2,15.3,On Time
ORD-11418,2025-03-04,2025-03-07,Bulk Almonds,Grocery,FreshFoods,Warehouse B,North,5,10.6,12.0,8,53.02,-7.95,On Time
ORD-11419,2025-03-05,2025-03-12,Smartphone X,Electronics,TechCorp,Warehouse B,West,1,834.57,25.0,155,834.57,-125.19,Delayed
ORD-11420,2025-03-05,2025-03-07,Denim Jeans,Clothing,Vogue Apparel,Warehouse B,North,1,80.49,18.0,69,80.49,23.2,On Time
ORD-11421,2025-03-05,2025-03-06,Denim Jeans,Clothing,Vogue Apparel,Warehouse A,South,3,58.99,12.0,339,176.97,64.79,On Time
ORD-11422,2025-03-06,2025-03-09,Wireless Earbuds,Electronics,TechCorp,Warehouse C,South,2,807.32,25.0,156,1614.65,552.63,On Time
ORD-11423,2025-03-06,2025-03-18,Ergonomic Desk,Furniture,TimberCraft,Warehouse B,East,1,420.25,75.0,109,420.25,46.55,Critical Delay
ORD-11424,2025-03-07,2025-03-10,Organic Coffee,Grocery,FreshFoods,Warehouse B,North,12,11.65,12.0,65,139.83,5.19,On Time
ORD-11425,2025-03-07,2025-03-11,Bulk Almonds,Grocery,FreshFoods,Warehouse A,West,6,37.98,8.0,150,227.85,14.23,On Time
ORD-11426,2025-03-07,2025-03-11,Office Chair,Furniture,TimberCraft,Warehouse C,East,2,426.79,75.0,318,853.59,133.22,On Time
ORD-11427,2025-03-08,2025-03-10,Running Shoes,Clothing,Vogue Apparel,Warehouse A,North,2,62.05,18.0,80,124.1,40.64,On Time
ORD-11428,2025-03-08,2025-03-19,4K Monitor,Electronics,TechCorp,Warehouse B,North,3,556.25,37.5,237,1668.74,565.31,Critical Delay
ORD-11429,2025-03-08,2025-03-20,Winter Jacket,Clothing,Vogue Apparel,Warehouse B,East,1,57.13,12.0,365,57.13,16.85,Critical Delay
ORD-11430,2025-03-08,2025-03-24,Bulk Almonds,Grocery,FreshFoods,Warehouse B,East,9,32.44,8.0,227,291.93,19.35,Critical Delay
ORD-11431,2025-03-10,2025-03-11,Winter Jacket,Clothing,Vogue Apparel,Warehouse C,West,2,52.18,12.0,285,104.37,35.75,On Time
ORD-11432,2025-03-10,2025-03-17,Smart Watch Band,Accessories,Apex Goods,Warehouse B,East,4,22.0,12.0,181,88.02,33.61,Delayed
ORD-11433,2025-03-10,2025-03-14,Office Chair,Furniture,TimberCraft,Warehouse A,West,2,239.63,75.0,138,479.27,58.35,On Time
ORD-11434,2025-03-11,2025-03-12,Laptop Pro,Electronics,TechCorp,Warehouse C,East,3,1132.27,25.0,328,3396.8,1176.38,On Time
ORD-11435,2025-03-11,2025-03-15,Leather Wallet,Accessories,Apex Goods,Warehouse B,East,4,65.13,12.0,384,260.53,111.24,On Time
ORD-11436,2025-03-11,2025-03-15,Denim Jeans,Clothing,Vogue Apparel,Warehouse B,North,3,112.09,18.0,308,336.27,125.51,On Time
ORD-11437,2025-03-11,2025-03-13,Energy Drinks,Grocery,FreshFoods,Warehouse C,East,10,45.53,8.0,159,455.33,32.43,On Time
ORD-11438,2025-03-12,2025-03-13,Winter Jacket,Clothing,Vogue Apparel,Warehouse A,West,2,23.09,12.0,377,46.19,12.48,On Time
ORD-11439,2025-03-12,2025-03-17,Backpack,Accessories,Apex Goods,Warehouse C,South,3,30.46,12.0,350,91.37,35.12,On Time
ORD-11440,2025-03-12,2025-03-15,Winter Jacket,Clothing,Vogue Apparel,Warehouse C,South,3,147.52,12.0,102,442.57,171.03,On Time
ORD-11441,2025-03-14,2025-03-15,Bulk Almonds,Grocery,FreshFoods,Warehouse B,East,9,22.84,8.0,201,205.56,12.44,On Time
ORD-11442,2025-03-15,2025-03-29,Leather Wallet,Accessories,Apex Goods,Warehouse B,North,4,80.6,18.0,195,322.39,136.08,Critical Delay
ORD-11443,2025-03-15,2025-03-16,4K Monitor,Electronics,TechCorp,Warehouse B,North,2,713.21,37.5,77,1426.43,480.5,On Time
ORD-11444,2025-03-15,2025-03-18,Backpack,Accessories,Apex Goods,Warehouse B,North,2,143.47,18.0,218,286.95,120.13,On Time
ORD-11445,2025-03-15,2025-03-28,Energy Drinks,Grocery,FreshFoods,Warehouse B,North,7,12.43,12.0,5,87.02,0.96,Critical Delay
ORD-11446,2025-03-15,2025-03-29,Energy Drinks,Grocery,FreshFoods,Warehouse B,East,12,31.53,8.0,134,378.4,26.27,Critical Delay
ORD-11447,2025-03-15,2025-03-24,Denim Jeans,Clothing,Vogue Apparel,Warehouse B,East,1,131.78,12.0,118,131.78,46.71,Delayed
ORD-11448,2025-03-16,2025-03-17,Laptop Pro,Electronics,TechCorp,Warehouse C,South,1,974.02,25.0,393,974.02,328.41,On Time
ORD-11449,2025-03-16,2025-03-17,Laptop Pro,Electronics,TechCorp,Warehouse B,North,3,1092.83,37.5,221,3278.49,1128.72,On Time
ORD-11450,2025-03-16,2025-03-20,Bulk Almonds,Grocery,FreshFoods,Warehouse B,East,11,38.96,8.0,3,428.6,30.29,On Time
ORD-11451,2025-03-16,2025-03-17,Wireless Earbuds,Electronics,TechCorp,Warehouse B,North,3,570.16,37.5,145,1710.49,579.92,On Time
ORD-11452,2025-03-17,2025-03-29,Bookshelf,Furniture,TimberCraft,Warehouse B,North,2,365.22,112.5,140,730.44,89.84,Critical Delay
ORD-11453,2025-03-17,2025-03-25,Bulk Almonds,Grocery,FreshFoods,Warehouse B,South,8,45.94,8.0,247,367.5,25.4,Delayed
ORD-11454,2025-03-19,2025-03-20,Running Shoes,Clothing,Vogue Apparel,Warehouse C,West,3,79.35,12.0,267,238.04,89.22,On Time
ORD-11455,2025-03-22,2025-03-26,Bookshelf,Furniture,TimberCraft,Warehouse A,East,1,437.28,75.0,131,437.28,49.96,On Time
ORD-11456,2025-03-24,2025-03-29,Smart Watch Band,Accessories,Apex Goods,Warehouse B,North,4,120.05,18.0,179,480.19,207.09,On Time
ORD-11457,2025-03-24,2025-04-02,Bulk Almonds,Grocery,FreshFoods,Warehouse B,South,6,43.0,8.0,56,258.01,16.64,Delayed
ORD-11458,2025-03-24,2025-04-02,Winter Jacket,Clothing,Vogue Apparel,Warehouse B,North,1,140.23,18.0,316,140.23,47.09,Delayed
ORD-11459,2025-03-24,2025-03-28,Organic Coffee,Grocery,FreshFoods,Warehouse C,East,12,14.26,8.0,314,171.17,9.69,On Time
ORD-11460,2025-03-25,2025-03-26,Bulk Almonds,Grocery,FreshFoods,Warehouse A,North,14,41.57,12.0,315,581.92,40.55,On Time
ORD-11461,2025-03-25,2025-03-30,Smartphone X,Electronics,TechCorp,Warehouse C,East,1,926.23,25.0,298,926.23,311.68,On Time
ORD-11462,2025-03-25,2025-03-30,Organic Coffee,Grocery,FreshFoods,Warehouse A,East,10,34.83,8.0,108,348.35,23.87,On Time
ORD-11463,2025-03-25,2025-03-30,Winter Jacket,Clothing,Vogue Apparel,Warehouse C,East,5,21.15,12.0,31,105.76,36.3,On Time
ORD-11464,2025-03-26,2025-03-29,Denim Jeans,Clothing,Vogue Apparel,Warehouse B,North,1,131.62,18.0,195,131.62,43.65,On Time
ORD-11465,2025-03-26,2025-03-28,Organic Coffee,Grocery,FreshFoods,Warehouse B,North,14,19.95,12.0,355,279.25,16.34,On Time
ORD-11466,2025-03-26,2025-03-31,Winter Jacket,Clothing,Vogue Apparel,Warehouse A,West,3,103.02,12.0,287,309.07,117.63,On Time
ORD-11467,2025-03-26,2025-03-31,Running Shoes,Clothing,Vogue Apparel,Warehouse B,East,2,120.1,12.0,49,240.21,90.08,On Time
ORD-11468,2025-03-26,2025-03-30,Energy Drinks,Grocery,FreshFoods,Warehouse A,West,10,46.89,8.0,253,468.93,33.51,On Time
ORD-11469,2025-03-26,2025-04-03,Leather Wallet,Accessories,Apex Goods,Warehouse B,South,5,138.93,12.0,371,694.63,306.58,Delayed
ORD-11470,2025-03-27,2025-04-08,Ergonomic Desk,Furniture,TimberCraft,Warehouse B,North,1,262.09,112.5,300,262.09,-3.83,Critical Delay
ORD-11471,2025-03-27,2025-03-29,Laptop Pro,Electronics,TechCorp,Warehouse B,North,3,877.16,37.5,323,2631.49,902.27,On Time
ORD-11472,2025-03-29,2025-04-01,Laptop Pro,Electronics,TechCorp,Warehouse A,South,2,668.41,25.0,155,1336.82,455.39,On Time
ORD-11473,2025-03-30,2025-04-16,Backpack,Accessories,Apex Goods,Warehouse B,North,2,33.45,18.0,215,66.89,21.1,Critical Delay
ORD-11474,2025-03-30,2025-04-04,Running Shoes,Clothing,Vogue Apparel,Warehouse A,West,4,114.57,12.0,200,458.27,177.31,On Time
ORD-11475,2025-03-31,2025-04-01,Office Chair,Furniture,TimberCraft,Warehouse A,South,1,380.63,75.0,292,380.63,38.63,On Time
ORD-11476,2025-03-31,2025-04-02,Organic Coffee,Grocery,FreshFoods,Warehouse A,East,13,35.81,8.0,154,465.47,33.24,On Time
ORD-11477,2025-04-01,2025-04-02,Bookshelf,Furniture,TimberCraft,Warehouse B,South,2,326.67,75.0,243,653.33,93.17,On Time
ORD-11478,2025-04-01,2025-04-03,Bulk Almonds,Grocery,FreshFoods,Warehouse B,West,11,27.7,8.0,4,304.75,20.38,On Time
ORD-11479,2025-04-01,2025-04-05,Bulk Almonds,Grocery,FreshFoods,Warehouse B,North,11,49.4,12.0,385,543.41,37.47,On Time
ORD-11480,2025-04-01,2025-04-04,Energy Drinks,Grocery,FreshFoods,Warehouse B,North,5,49.42,12.0,352,247.11,13.77,On Time
ORD-11481,2025-04-02,2025-04-05,Backpack,Accessories,Apex Goods,Warehouse C,West,5,43.5,12.0,151,217.5,91.88,On Time
ORD-11482,2025-04-02,2025-04-07,Smart Watch Band,Accessories,Apex Goods,Warehouse C,West,4,105.52,12.0,340,422.07,183.93,On Time
ORD-11483,2025-04-02,2025-04-04,Laptop Pro,Electronics,TechCorp,Warehouse B,North,3,289.02,37.5,306,867.05,284.72,On Time
ORD-11484,2025-04-02,2025-04-06,Energy Drinks,Grocery,FreshFoods,Warehouse A,East,12,20.08,8.0,182,240.97,15.28,On Time
ORD-11485,2025-04-03,2025-04-04,Bulk Almonds,Grocery,FreshFoods,Warehouse B,North,13,30.64,12.0,196,398.38,25.87,On Time
ORD-11486,2025-04-03,2025-04-04,Bulk Almonds,Grocery,FreshFoods,Warehouse B,North,11,30.52,12.0,367,335.7,20.86,On Time
ORD-11487,2025-04-04,2025-04-19,Bulk Almonds,Grocery,FreshFoods,Warehouse B,East,9,48.02,8.0,99,432.16,30.57,Critical Delay
ORD-11488,2025-04-04,2025-04-08,Ergonomic Desk,Furniture,TimberCraft,Warehouse A,East,1,111.64,75.0,34,111.64,-15.17,On Time
ORD-11489,2025-04-05,2025-04-08,Energy Drinks,Grocery,FreshFoods,Warehouse A,East,14,15.48,8.0,375,216.78,13.34,On Time
ORD-11490,2025-04-05,2025-04-07,Ergonomic Desk,Furniture,TimberCraft,Warehouse A,South,2,132.51,75.0,333,265.02,-39.75,On Time
ORD-11491,2025-04-06,2025-04-16,Energy Drinks,Grocery,FreshFoods,Warehouse B,North,5,10.89,12.0,225,54.45,-1.64,Delayed
ORD-11492,2025-04-06,2025-04-11,Backpack,Accessories,Apex Goods,Warehouse C,South,4,44.8,12.0,386,179.21,74.64,On Time
ORD-11493,2025-04-07,2025-04-08,Office Chair,Furniture,TimberCraft,Warehouse B,North,2,468.74,112.5,93,937.48,131.25,On Time
ORD-11494,2025-04-07,2025-04-24,Leather Wallet,Accessories,Apex Goods,Warehouse B,South,4,71.89,12.0,81,287.55,123.4,Critical Delay
ORD-11495,2025-04-07,2025-04-12,Winter Jacket,Clothing,Vogue Apparel,Warehouse B,East,3,141.24,12.0,266,423.73,163.49,On Time
ORD-11496,2025-04-07,2025-04-09,Laptop Pro,Electronics,TechCorp,Warehouse A,South,2,474.35,25.0,42,948.69,319.54,On Time
ORD-11497,2025-04-08,2025-04-21,Winter Jacket,Clothing,Vogue Apparel,Warehouse B,East,2,40.87,12.0,154,81.75,26.7,Critical Delay
ORD-11498,2025-04-10,2025-04-14,Laptop Pro,Electronics,TechCorp,Warehouse B,North,1,793.68,37.5,151,793.68,259.04,On Time
ORD-11499,2025-04-10,2025-04-11,Smart Watch Band,Accessories,Apex Goods,Warehouse C,West,3,129.47,12.0,75,388.42,168.79,On Time
ORD-11500,2025-04-10,2025-04-11,Backpack,Accessories,Apex Goods,Warehouse B,North,2,127.51,18.0,352,255.02,105.76,On Time
ORD-11501,2025-04-11,2025-04-16,4K Monitor,Electronics,TechCorp,Warehouse A,South,1,553.15,25.0,114,553.15,181.1,On Time
ORD-11502,2025-04-12,2025-04-19,Winter Jacket,Clothing,Vogue Apparel,Warehouse B,North,4,81.37,18.0,65,325.48,121.19,Delayed
ORD-11503,2025-04-12,2025-04-24,Denim Jeans,Clothing,Vogue Apparel,Warehouse B,West,1,144.31,12.0,219,144.31,51.72,Critical Delay
ORD-11504,2025-04-13,2025-04-17,Leather Wallet,Accessories,Apex Goods,Warehouse C,South,1,60.16,12.0,82,60.16,21.07,On Time
ORD-11505,2025-04-14,2025-04-17,Energy Drinks,Grocery,FreshFoods,Warehouse B,North,11,48.97,12.0,88,538.69,37.1,On Time
ORD-11506,2025-04-15,2025-05-02,Wireless Earbuds,Electronics,TechCorp,Warehouse B,North,1,818.29,37.5,235,818.29,267.65,Critical Delay
ORD-11507,2025-04-15,2025-04-26,Denim Jeans,Clothing,Vogue Apparel,Warehouse B,North,2,137.75,18.0,175,275.51,-41.33,Critical Delay
ORD-11508,2025-04-15,2025-04-17,Office Chair,Furniture,TimberCraft,Warehouse B,South,1,456.2,75.0,196,456.2,53.74,On Time
ORD-11509,2025-04-16,2025-04-17,Bulk Almonds,Grocery,FreshFoods,Warehouse A,South,14,30.51,8.0,22,427.14,30.17,On Time
ORD-11510,2025-04-16,2025-04-19,Organic Coffee,Grocery,FreshFoods,Warehouse B,North,9,41.46,12.0,67,373.18,23.85,On Time
ORD-11511,2025-04-17,2025-04-29,Energy Drinks,Grocery,FreshFoods,Warehouse B,South,5,44.47,8.0,367,222.37,13.79,Critical Delay
ORD-11512,2025-04-17,2025-04-20,Bookshelf,Furniture,TimberCraft,Warehouse B,North,2,117.13,112.5,177,234.27,-9.4,On Time
ORD-11513,2025-04-17,2025-05-03,Laptop Pro,Electronics,TechCorp,Warehouse B,South,3,314.32,25.0,230,942.97,317.54,Critical Delay
ORD-11514,2025-04-17,2025-04-19,Organic Coffee,Grocery,FreshFoods,Warehouse B,North,8,21.26,12.0,354,170.09,7.61,On Time
ORD-11515,2025-04-20,2025-04-23,Smartphone X,Electronics,TechCorp,Warehouse C,West,1,884.43,25.0,371,884.43,297.05,On Time
ORD-11516,2025-04-21,2025-04-28,Laptop Pro,Electronics,TechCorp,Warehouse B,North,2,207.73,37.5,79,415.46,126.66,Delayed
ORD-11517,2025-04-22,2025-04-26,Wireless Earbuds,Electronics,TechCorp,Warehouse B,East,2,652.53,25.0,385,1305.07,-195.76,On Time
ORD-11518,2025-04-23,2025-04-27,Office Chair,Furniture,TimberCraft,Warehouse C,West,1,412.74,75.0,339,412.74,45.05,On Time
ORD-11519,2025-04-23,2025-04-28,Energy Drinks,Grocery,FreshFoods,Warehouse B,South,11,33.05,8.0,296,363.56,25.08,On Time
ORD-11520,2025-04-24,2025-04-29,Running Shoes,Clothing,Vogue Apparel,Warehouse B,North,2,95.65,18.0,341,191.31,67.52,On Time
ORD-11521,2025-04-24,2025-04-25,Smart Watch Band,Accessories,Apex Goods,Warehouse A,West,4,66.29,12.0,290,265.18,113.33,On Time
ORD-11522,2025-04-25,2025-04-29,Leather Wallet,Accessories,Apex Goods,Warehouse A,East,5,86.5,12.0,224,432.51,188.63,On Time
ORD-11523,2025-04-25,2025-05-09,Denim Jeans,Clothing,Vogue Apparel,Warehouse B,North,5,74.86,18.0,377,374.29,140.72,Critical Delay
ORD-11524,2025-04-26,2025-05-01,Winter Jacket,Clothing,Vogue Apparel,Warehouse A,West,3,120.9,12.0,141,362.69,139.08,On Time
ORD-11525,2025-04-27,2025-04-29,Ergonomic Desk,Furniture,TimberCraft,Warehouse A,West,2,391.57,75.0,373,783.13,119.13,On Time
ORD-11526,2025-04-28,2025-05-01,Denim Jeans,Clothing,Vogue Apparel,Warehouse B,North,5,63.2,18.0,177,316.02,117.41,On Time
ORD-11527,2025-04-28,2025-05-10,Energy Drinks,Grocery,FreshFoods,Warehouse B,North,13,32.42,12.0,318,421.44,27.72,Critical Delay
ORD-11528,2025-04-28,2025-05-03,Backpack,Accessories,Apex Goods,Warehouse B,East,4,108.79,12.0,35,435.14,189.81,On Time
ORD-11529,2025-04-29,2025-05-02,Denim Jeans,Clothing,Vogue Apparel,Warehouse C,East,1,93.5,12.0,52,93.5,31.4,On Time
ORD-11530,2025-04-30,2025-05-01,Smartphone X,Electronics,TechCorp,Warehouse C,West,3,232.13,25.0,260,696.39,231.24,On Time
ORD-11531,2025-04-30,2025-05-02,Organic Coffee,Grocery,FreshFoods,Warehouse B,North,6,46.99,12.0,258,281.92,16.55,On Time
ORD-11532,2025-04-30,2025-05-01,Winter Jacket,Clothing,Vogue Apparel,Warehouse A,South,3,143.18,12.0,93,429.53,165.81,On Time
ORD-11533,2025-05-01,2025-05-03,Organic Coffee,Grocery,FreshFoods,Warehouse C,South,7,45.11,8.0,0,315.8,21.26,On Time
ORD-11534,2025-05-02,2025-05-06,Organic Coffee,Grocery,FreshFoods,Warehouse A,East,5,15.73,8.0,74,78.66,2.29,On Time
ORD-11535,2025-05-02,2025-05-03,Bulk Almonds,Grocery,FreshFoods,Warehouse A,North,7,11.27,12.0,9,78.91,0.31,On Time
ORD-11536,2025-05-03,2025-05-05,Laptop Pro,Electronics,TechCorp,Warehouse A,South,2,393.01,25.0,52,786.02,262.61,On Time
ORD-11537,2025-05-03,2025-05-07,Denim Jeans,Clothing,Vogue Apparel,Warehouse C,South,4,30.05,12.0,157,120.2,-18.03,On Time
ORD-11538,2025-05-03,2025-05-07,Laptop Pro,Electronics,TechCorp,Warehouse A,West,1,1082.93,25.0,387,1082.93,366.53,On Time
ORD-11539,2025-05-04,2025-05-06,4K Monitor,Electronics,TechCorp,Warehouse B,East,2,795.37,25.0,54,1590.75,544.26,On Time
ORD-11540,2025-05-05,2025-05-06,Denim Jeans,Clothing,Vogue Apparel,Warehouse A,South,3,23.47,12.0,320,70.41,22.16,On Time
ORD-11541,2025-05-05,2025-05-07,4K Monitor,Electronics,TechCorp,Warehouse B,West,3,726.18,25.0,158,2178.53,749.99,On Time
ORD-11542,2025-05-06,2025-05-11,Running Shoes,Clothing,Vogue Apparel,Warehouse A,North,2,107.18,18.0,284,214.35,76.74,On Time
ORD-11543,2025-05-06,2025-05-13,Running Shoes,Clothing,Vogue Apparel,Warehouse B,North,1,66.0,18.0,381,66.0,17.4,Delayed
ORD-11544,2025-05-08,2025-05-13,Office Chair,Furniture,TimberCraft,Warehouse A,North,1,486.56,112.5,96,486.56,41.06,On Time
ORD-11545,2025-05-08,2025-05-09,Running Shoes,Clothing,Vogue Apparel,Warehouse A,North,4,112.39,18.0,353,449.55,170.82,On Time
ORD-11546,2025-05-08,2025-05-09,Laptop Pro,Electronics,TechCorp,Warehouse A,East,3,235.19,25.0,56,705.56,234.45,On Time
ORD-11547,2025-05-09,2025-05-14,Smart Watch Band,Accessories,Apex Goods,Warehouse B,West,1,85.51,12.0,202,85.51,32.48,On Time
ORD-11548,2025-05-10,2025-05-13,Bulk Almonds,Grocery,FreshFoods,Warehouse B,North,7,15.03,12.0,3,105.2,2.42,On Time
ORD-11549,2025-05-10,2025-05-14,Energy Drinks,Grocery,FreshFoods,Warehouse B,North,11,22.21,12.0,4,244.27,13.54,On Time
ORD-11550,2025-05-11,2025-05-16,Wireless Earbuds,Electronics,TechCorp,Warehouse B,North,2,210.57,37.5,274,421.13,128.65,On Time
ORD-11551,2025-05-11,2025-05-15,Bulk Almonds,Grocery,FreshFoods,Warehouse B,North,13,22.91,12.0,320,297.77,17.82,On Time
ORD-11552,2025-05-13,2025-05-14,4K Monitor,Electronics,TechCorp,Warehouse B,North,3,391.98,37.5,380,1175.93,392.83,On Time
ORD-11553,2025-05-13,2025-05-18,4K Monitor,Electronics,TechCorp,Warehouse A,South,3,735.51,25.0,173,2206.53,759.79,On Time
ORD-11554,2025-05-14,2025-05-15,Energy Drinks,Grocery,FreshFoods,Warehouse B,North,14,19.62,12.0,220,274.65,15.97,On Time
ORD-11555,2025-05-15,2025-05-29,Wireless Earbuds,Electronics,TechCorp,Warehouse B,North,3,213.82,37.5,62,641.47,205.76,Critical Delay
ORD-11556,2025-05-15,2025-05-20,Laptop Pro,Electronics,TechCorp,Warehouse B,South,3,777.66,25.0,72,2332.97,804.04,On Time
ORD-11557,2025-05-15,2025-05-19,Bulk Almonds,Grocery,FreshFoods,Warehouse C,West,9,26.91,8.0,126,242.2,15.38,On Time
ORD-11558,2025-05-16,2025-05-19,Laptop Pro,Electronics,TechCorp,Warehouse C,South,1,957.85,25.0,373,957.85,322.75,On Time
ORD-11559,2025-05-16,2025-05-21,Bookshelf,Furniture,TimberCraft,Warehouse B,West,1,151.35,75.0,103,151.35,-7.23,On Time
ORD-11560,2025-05-16,2025-05-19,Bulk Almonds,Grocery,FreshFoods,Warehouse B,North,7,39.53,12.0,233,276.74,16.14,On Time
ORD-11561,2025-05-16,2025-05-18,Bookshelf,Furniture,TimberCraft,Warehouse B,South,1,242.71,75.0,77,242.71,11.04,On Time
ORD-11562,2025-05-18,2025-05-19,Backpack,Accessories,Apex Goods,Warehouse B,South,1,116.47,12.0,106,116.47,46.41,On Time
ORD-11563,2025-05-18,2025-05-22,Bookshelf,Furniture,TimberCraft,Warehouse A,West,1,438.7,75.0,304,438.7,50.24,On Time
ORD-11564,2025-05-20,2025-05-22,4K Monitor,Electronics,TechCorp,Warehouse C,East,1,1189.55,25.0,259,1189.55,403.84,On Time
ORD-11565,2025-05-20,2025-05-21,Winter Jacket,Clothing,Vogue Apparel,Warehouse B,North,3,110.83,18.0,151,332.5,124.0,On Time
ORD-11566,2025-05-21,2025-05-25,Laptop Pro,Electronics,TechCorp,Warehouse C,South,1,685.11,25.0,132,685.11,227.29,On Time
ORD-11567,2025-05-21,2025-05-23,Smart Watch Band,Accessories,Apex Goods,Warehouse B,North,4,91.04,18.0,210,364.16,154.87,On Time
ORD-11568,2025-05-21,2025-06-04,Wireless Earbuds,Electronics,TechCorp,Warehouse B,West,1,525.58,25.0,235,525.58,-78.84,Critical Delay
ORD-11569,2025-05-22,2025-05-30,Office Chair,Furniture,TimberCraft,Warehouse B,North,2,387.93,112.5,218,775.86,-116.38,Delayed
ORD-11570,2025-05-22,2025-05-24,Running Shoes,Clothing,Vogue Apparel,Warehouse B,North,1,139.36,18.0,170,139.36,46.74,On Time
ORD-11571,2025-05-22,2025-05-27,Denim Jeans,Clothing,Vogue Apparel,Warehouse A,South,3,30.71,12.0,53,92.14,-13.82,On Time
ORD-11572,2025-05-23,2025-05-24,4K Monitor,Electronics,TechCorp,Warehouse A,South,2,824.4,25.0,226,1648.8,564.58,On Time
ORD-11573,2025-05-25,2025-05-26,Bookshelf,Furniture,TimberCraft,Warehouse B,South,1,187.12,75.0,303,187.12,-0.08,On Time
ORD-11574,2025-05-25,2025-05-30,Denim Jeans,Clothing,Vogue Apparel,Warehouse A,West,5,113.18,12.0,203,565.9,220.36,On Time
ORD-11575,2025-05-26,2025-05-29,Ergonomic Desk,Furniture,TimberCraft,Warehouse C,West,2,193.2,75.0,192,386.4,39.78,On Time
ORD-11576,2025-05-26,2025-05-28,Bulk Almonds,Grocery,FreshFoods,Warehouse A,East,14,43.79,8.0,205,613.08,45.05,On Time
ORD-11577,2025-05-26,2025-06-05,4K Monitor,Electronics,TechCorp,Warehouse B,South,2,324.18,25.0,177,648.36,214.43,Delayed
ORD-11578,2025-05-27,2025-05-31,Running Shoes,Clothing,Vogue Apparel,Warehouse B,North,2,109.23,18.0,314,218.47,78.39,On Time
ORD-11579,2025-05-28,2025-06-02,Wireless Earbuds,Electronics,TechCorp,Warehouse B,North,1,485.45,37.5,249,485.45,151.16,On Time
ORD-11580,2025-05-28,2025-06-01,Denim Jeans,Clothing,Vogue Apparel,Warehouse B,North,1,111.09,18.0,193,111.09,35.44,On Time
ORD-11581,2025-05-28,2025-05-30,Energy Drinks,Grocery,FreshFoods,Warehouse B,North,14,22.46,12.0,203,314.39,-47.16,On Time
ORD-11582,2025-05-30,2025-06-03,Running Shoes,Clothing,Vogue Apparel,Warehouse A,North,1,132.63,18.0,23,132.63,44.05,On Time
ORD-11583,2025-05-30,2025-06-01,Smartphone X,Electronics,TechCorp,Warehouse C,West,3,493.8,25.0,237,1481.41,505.99,On Time
ORD-11584,2025-05-30,2025-06-01,Organic Coffee,Grocery,FreshFoods,Warehouse A,West,10,41.04,8.0,388,410.42,28.83,On Time
ORD-11585,2025-06-01,2025-06-15,Leather Wallet,Accessories,Apex Goods,Warehouse B,North,2,43.81,18.0,268,87.62,30.43,Critical Delay
ORD-11586,2025-06-01,2025-06-05,Energy Drinks,Grocery,FreshFoods,Warehouse B,West,7,46.77,8.0,8,327.4,22.19,On Time
ORD-11587,2025-06-01,2025-06-02,Ergonomic Desk,Furniture,TimberCraft,Warehouse C,West,1,110.58,75.0,114,110.58,-15.38,On Time
ORD-11588,2025-06-01,2025-06-15,Wireless Earbuds,Electronics,TechCorp,Warehouse B,North,1,862.8,37.5,68,862.8,283.23,Critical Delay
ORD-11589,2025-06-02,2025-06-04,Laptop Pro,Electronics,TechCorp,Warehouse C,South,1,234.72,25.0,27,234.72,69.65,On Time
ORD-11590,2025-06-02,2025-06-04,Bookshelf,Furniture,TimberCraft,Warehouse B,South,2,102.6,75.0,328,205.19,3.54,On Time
ORD-11591,2025-06-02,2025-06-10,Energy Drinks,Grocery,FreshFoods,Warehouse B,North,10,31.1,12.0,220,310.97,18.88,Delayed
ORD-11592,2025-06-03,2025-06-08,4K Monitor,Electronics,TechCorp,Warehouse B,North,2,734.82,37.5,187,1469.64,495.62,On Time
ORD-11593,2025-06-03,2025-06-08,Winter Jacket,Clothing,Vogue Apparel,Warehouse A,East,2,142.78,12.0,205,285.57,108.23,On Time
ORD-11594,2025-06-04,2025-06-09,Organic Coffee,Grocery,FreshFoods,Warehouse B,West,5,40.97,8.0,63,204.83,12.39,On Time
ORD-11595,2025-06-04,2025-06-05,Laptop Pro,Electronics,TechCorp,Warehouse B,East,2,467.21,25.0,214,934.41,314.54,On Time
ORD-11596,2025-06-04,2025-06-08,Energy Drinks,Grocery,FreshFoods,Warehouse C,East,7,45.81,8.0,0,320.68,21.65,On Time
ORD-11597,2025-06-05,2025-06-07,Denim Jeans,Clothing,Vogue Apparel,Warehouse B,East,1,52.79,12.0,248,52.79,15.12,On Time
ORD-11598,2025-06-05,2025-06-07,Smartphone X,Electronics,TechCorp,Warehouse B,North,2,275.74,37.5,270,551.48,-82.72,On Time
ORD-11599,2025-06-05,2025-06-21,Energy Drinks,Grocery,FreshFoods,Warehouse B,East,13,21.64,8.0,21,281.36,18.51,Critical Delay
ORD-11600,2025-06-06,2025-06-08,Wireless Earbuds,Electronics,TechCorp,Warehouse B,North,2,410.05,37.5,76,820.11,268.29,On Time
ORD-11601,2025-06-06,2025-06-08,Smart Watch Band,Accessories,Apex Goods,Warehouse C,West,2,111.34,12.0,76,222.69,94.21,On Time
ORD-11602,2025-06-07,2025-06-09,Ergonomic Desk,Furniture,TimberCraft,Warehouse C,West,2,436.8,75.0,222,873.61,137.22,On Time
ORD-11603,2025-06-09,2025-06-13,Leather Wallet,Accessories,Apex Goods,Warehouse A,West,3,34.65,12.0,289,103.96,40.78,On Time
ORD-11604,2025-06-09,2025-06-11,Office Chair,Furniture,TimberCraft,Warehouse C,East,1,261.97,75.0,207,261.97,14.89,On Time
ORD-11605,2025-06-09,2025-06-12,Denim Jeans,Clothing,Vogue Apparel,Warehouse C,South,3,98.33,12.0,300,294.98,111.99,On Time
ORD-11606,2025-06-09,2025-06-13,4K Monitor,Electronics,TechCorp,Warehouse C,East,2,399.24,25.0,266,798.47,266.96,On Time
ORD-11607,2025-06-10,2025-06-14,Organic Coffee,Grocery,FreshFoods,Warehouse A,South,12,14.38,8.0,135,172.62,9.81,On Time
ORD-11608,2025-06-10,2025-06-11,Denim Jeans,Clothing,Vogue Apparel,Warehouse B,North,3,27.2,18.0,73,81.6,23.64,On Time
ORD-11609,2025-06-10,2025-06-13,Office Chair,Furniture,TimberCraft,Warehouse A,West,1,465.93,75.0,102,465.93,-69.89,On Time
ORD-11610,2025-06-11,2025-06-14,Smartphone X,Electronics,TechCorp,Warehouse C,East,3,797.36,25.0,60,2392.09,824.73,On Time
ORD-11611,2025-06-12,2025-06-15,Running Shoes,Clothing,Vogue Apparel,Warehouse B,East,3,57.83,12.0,293,173.48,63.39,On Time
ORD-11612,2025-06-13,2025-06-15,Wireless Earbuds,Electronics,TechCorp,Warehouse C,South,2,272.83,25.0,73,545.67,-81.85,On Time
ORD-11613,2025-06-13,2025-06-18,Running Shoes,Clothing,Vogue Apparel,Warehouse C,South,3,96.58,12.0,92,289.73,109.89,On Time
ORD-11614,2025-06-14,2025-06-15,Organic Coffee,Grocery,FreshFoods,Warehouse A,East,14,40.31,8.0,390,564.37,41.15,On Time
ORD-11615,2025-06-15,2025-06-19,Leather Wallet,Accessories,Apex Goods,Warehouse C,South,4,55.22,12.0,258,220.89,93.4,On Time
ORD-11616,2025-06-15,2025-06-17,Energy Drinks,Grocery,FreshFoods,Warehouse C,East,6,29.0,8.0,69,173.98,9.92,On Time
ORD-11617,2025-06-16,2025-06-20,Running Shoes,Clothing,Vogue Apparel,Warehouse B,South,5,139.31,12.0,28,696.57,272.63,On Time
ORD-11618,2025-06-16,2025-06-19,4K Monitor,Electronics,TechCorp,Warehouse B,North,3,513.08,37.5,124,1539.25,519.99,On Time
ORD-11619,2025-06-17,2025-06-20,Energy Drinks,Grocery,FreshFoods,Warehouse B,South,14,14.28,8.0,5,199.93,11.99,On Time
ORD-11620,2025-06-17,2025-06-27,Energy Drinks,Grocery,FreshFoods,Warehouse B,South,14,40.86,8.0,43,572.01,41.76,Delayed
ORD-11621,2025-06-17,2025-06-21,Bulk Almonds,Grocery,FreshFoods,Warehouse A,North,6,14.51,12.0,354,87.06,0.96,On Time
ORD-11622,2025-06-18,2025-06-22,Bookshelf,Furniture,TimberCraft,Warehouse B,East,2,483.73,75.0,204,967.46,155.99,On Time
ORD-11623,2025-06-18,2025-06-20,Bulk Almonds,Grocery,FreshFoods,Warehouse B,North,7,45.21,12.0,164,316.5,19.32,On Time
ORD-11624,2025-06-18,2025-06-22,Wireless Earbuds,Electronics,TechCorp,Warehouse C,East,3,896.18,25.0,110,2688.53,928.49,On Time
ORD-11625,2025-06-18,2025-07-03,Organic Coffee,Grocery,FreshFoods,Warehouse B,North,6,39.06,12.0,253,234.37,12.75,Critical Delay
ORD-11626,2025-06-19,2025-06-23,Smart Watch Band,Accessories,Apex Goods,Warehouse B,East,3,30.88,12.0,235,92.63,35.68,On Time
ORD-11627,2025-06-20,2025-06-23,Smartphone X,Electronics,TechCorp,Warehouse A,North,3,652.37,37.5,130,1957.12,666.24,On Time
ORD-11628,2025-06-20,2025-06-25,Bookshelf,Furniture,TimberCraft,Warehouse C,South,2,127.0,75.0,319,254.0,13.3,On Time
ORD-11629,2025-06-21,2025-06-22,4K Monitor,Electronics,TechCorp,Warehouse B,East,1,973.52,25.0,224,973.52,328.23,On Time
ORD-11630,2025-06-21,2025-06-24,4K Monitor,Electronics,TechCorp,Warehouse B,West,1,315.26,25.0,319,315.26,97.84,On Time
ORD-11631,2025-06-23,2025-06-26,Office Chair,Furniture,TimberCraft,Warehouse A,South,2,489.54,75.0,125,979.07,158.31,On Time
ORD-11632,2025-06-24,2025-07-09,Bookshelf,Furniture,TimberCraft,Warehouse B,North,2,432.11,112.5,163,864.23,116.6,Critical Delay
ORD-11633,2025-06-25,2025-06-30,Organic Coffee,Grocery,FreshFoods,Warehouse C,West,5,25.26,8.0,36,126.32,6.11,On Time
ORD-11634,2025-06-27,2025-07-11,Organic Coffee,Grocery,FreshFoods,Warehouse B,North,7,23.72,12.0,248,166.02,7.28,Critical Delay
ORD-11635,2025-06-27,2025-06-29,Winter Jacket,Clothing,Vogue Apparel,Warehouse B,North,2,37.93,18.0,183,75.86,21.34,On Time
ORD-11636,2025-06-27,2025-07-07,4K Monitor,Electronics,TechCorp,Warehouse B,North,1,404.4,37.5,138,404.4,122.79,Delayed
ORD-11637,2025-06-28,2025-06-29,Wireless Earbuds,Electronics,TechCorp,Warehouse C,West,3,462.82,25.0,375,1388.47,473.46,On Time
ORD-11638,2025-06-29,2025-07-16,Bulk Almonds,Grocery,FreshFoods,Warehouse B,North,9,32.01,12.0,310,288.1,17.05,Critical Delay
ORD-11639,2025-06-29,2025-07-03,Ergonomic Desk,Furniture,TimberCraft,Warehouse C,West,1,262.53,75.0,200,262.53,15.01,On Time
ORD-11640,2025-06-30,2025-07-02,Winter Jacket,Clothing,Vogue Apparel,Warehouse C,East,2,96.61,12.0,133,193.23,71.29,On Time
ORD-11641,2025-06-30,2025-07-03,Wireless Earbuds,Electronics,TechCorp,Warehouse A,West,1,250.42,25.0,328,250.42,75.15,On Time
ORD-11642,2025-07-01,2025-07-02,Office Chair,Furniture,TimberCraft,Warehouse B,North,2,184.67,112.5,239,369.34,17.62,On Time
ORD-11643,2025-07-02,2025-07-05,Organic Coffee,Grocery,FreshFoods,Warehouse B,East,9,36.7,8.0,277,330.32,22.43,On Time
ORD-11644,2025-07-02,2025-07-07,Smartphone X,Electronics,TechCorp,Warehouse B,East,3,234.37,25.0,347,703.1,233.58,On Time
ORD-11645,2025-07-02,2025-07-07,Laptop Pro,Electronics,TechCorp,Warehouse B,North,1,440.25,37.5,96,440.25,135.34,On Time
ORD-11646,2025-07-03,2025-07-06,Winter Jacket,Clothing,Vogue Apparel,Warehouse C,East,4,145.43,12.0,243,581.71,226.68,On Time
ORD-11647,2025-07-03,2025-07-05,Denim Jeans,Clothing,Vogue Apparel,Warehouse C,West,3,145.48,12.0,50,436.45,-65.47,On Time
ORD-11648,2025-07-04,2025-07-08,4K Monitor,Electronics,TechCorp,Warehouse A,West,3,672.66,25.0,221,2017.99,693.8,On Time
ORD-11649,2025-07-04,2025-07-05,Backpack,Accessories,Apex Goods,Warehouse A,East,1,57.92,12.0,80,57.92,20.06,On Time
ORD-11650,2025-07-05,2025-07-07,Bulk Almonds,Grocery,FreshFoods,Warehouse C,West,14,29.58,8.0,2,414.14,29.13,On Time
ORD-11651,2025-07-05,2025-07-09,Energy Drinks,Grocery,FreshFoods,Warehouse C,East,12,20.23,8.0,314,242.75,15.42,On Time
ORD-11652,2025-07-06,2025-07-10,Bulk Almonds,Grocery,FreshFoods,Warehouse C,South,11,33.38,8.0,274,367.17,25.37,On Time
ORD-11653,2025-07-06,2025-07-08,Smart Watch Band,Accessories,Apex Goods,Warehouse C,South,3,110.41,12.0,311,331.23,143.05,On Time
ORD-11654,2025-07-06,2025-07-09,Organic Coffee,Grocery,FreshFoods,Warehouse B,South,5,12.05,8.0,44,60.24,0.82,On Time
ORD-11655,2025-07-07,2025-07-08,Smartphone X,Electronics,TechCorp,Warehouse A,South,2,321.44,25.0,60,642.89,212.51,On Time
ORD-11656,2025-07-07,2025-07-09,Energy Drinks,Grocery,FreshFoods,Warehouse C,West,7,34.45,8.0,67,241.15,15.29,On Time
ORD-11657,2025-07-07,2025-07-10,Backpack,Accessories,Apex Goods,Warehouse C,South,5,73.9,12.0,29,369.52,160.28,On Time
ORD-11658,2025-07-07,2025-07-09,Laptop Pro,Electronics,TechCorp,Warehouse C,West,2,343.6,25.0,72,687.21,228.02,On Time
ORD-11659,2025-07-08,2025-07-18,Backpack,Accessories,Apex Goods,Warehouse B,North,4,71.08,18.0,384,284.33,118.95,Delayed
ORD-11660,2025-07-08,2025-07-10,Denim Jeans,Clothing,Vogue Apparel,Warehouse A,East,1,35.15,12.0,49,35.15,8.06,On Time
ORD-11661,2025-07-09,2025-07-13,4K Monitor,Electronics,TechCorp,Warehouse B,North,1,261.11,37.5,337,261.11,72.64,On Time
ORD-11662,2025-07-09,2025-07-13,Laptop Pro,Electronics,TechCorp,Warehouse A,North,2,879.55,37.5,199,1759.1,596.93,On Time
ORD-11663,2025-07-09,2025-07-14,Winter Jacket,Clothing,Vogue Apparel,Warehouse A,South,2,46.93,12.0,132,93.87,31.55,On Time
ORD-11664,2025-07-09,2025-07-12,Wireless Earbuds,Electronics,TechCorp,Warehouse B,North,2,506.16,37.5,33,1012.32,335.56,On Time
ORD-11665,2025-07-09,2025-07-26,4K Monitor,Electronics,TechCorp,Warehouse B,West,2,678.7,25.0,177,1357.4,462.59,Critical Delay
ORD-11666,2025-07-09,2025-07-12,Backpack,Accessories,Apex Goods,Warehouse C,West,2,93.54,12.0,62,187.09,78.19,On Time
ORD-11667,2025-07-10,2025-07-12,Ergonomic Desk,Furniture,TimberCraft,Warehouse B,North,2,316.82,112.5,63,633.63,70.48,On Time
ORD-11668,2025-07-11,2025-07-12,Bulk Almonds,Grocery,FreshFoods,Warehouse C,South,12,27.58,8.0,91,331.02,22.48,On Time
ORD-11669,2025-07-12,2025-07-15,4K Monitor,Electronics,TechCorp,Warehouse B,West,2,775.37,25.0,31,1550.74,530.26,On Time
ORD-11670,2025-07-13,2025-07-14,Winter Jacket,Clothing,Vogue Apparel,Warehouse B,North,2,54.84,18.0,322,109.68,34.87,On Time
ORD-11671,2025-07-13,2025-07-17,Winter Jacket,Clothing,Vogue Apparel,Warehouse A,North,2,107.97,18.0,20,215.93,77.37,On Time
ORD-11672,2025-07-14,2025-07-28,Smartphone X,Electronics,TechCorp,Warehouse B,North,3,970.11,37.5,135,2910.33,999.87,Critical Delay
ORD-11673,2025-07-16,2025-07-29,Leather Wallet,Accessories,Apex Goods,Warehouse B,North,4,97.11,18.0,254,388.46,165.81,Critical Delay
ORD-11674,2025-07-17,2025-07-31,Laptop Pro,Electronics,TechCorp,Warehouse B,East,1,1004.56,25.0,388,1004.56,339.1,Critical Delay
ORD-11675,2025-07-17,2025-07-21,Wireless Earbuds,Electronics,TechCorp,Warehouse B,West,3,1103.01,25.0,21,3309.04,1145.66,On Time
ORD-11676,2025-07-17,2025-07-19,Office Chair,Furniture,TimberCraft,Warehouse C,East,2,472.85,75.0,390,945.7,151.64,On Time
ORD-11677,2025-07-18,2025-08-03,Leather Wallet,Accessories,Apex Goods,Warehouse B,North,4,90.53,18.0,70,362.14,153.96,Critical Delay
ORD-11678,2025-07-19,2025-08-05,Ergonomic Desk,Furniture,TimberCraft,Warehouse B,South,1,194.36,75.0,364,194.36,1.37,Critical Delay
ORD-11679,2025-07-20,2025-07-31,Energy Drinks,Grocery,FreshFoods,Warehouse B,North,11,33.97,12.0,211,373.69,23.9,Critical Delay
ORD-11680,2025-07-22,2025-07-27,Bookshelf,Furniture,TimberCraft,Warehouse A,South,2,351.6,75.0,397,703.19,103.14,On Time
ORD-11681,2025-07-22,2025-07-24,Denim Jeans,Clothing,Vogue Apparel,Warehouse B,North,5,122.9,18.0,377,614.5,236.8,On Time
ORD-11682,2025-07-22,2025-07-26,Energy Drinks,Grocery,FreshFoods,Warehouse C,West,12,10.69,8.0,371,128.3,6.26,On Time
ORD-11683,2025-07-22,2025-08-04,Laptop Pro,Electronics,TechCorp,Warehouse B,West,3,1108.38,25.0,198,3325.15,1151.3,Critical Delay
ORD-11684,2025-07-23,2025-07-28,Bookshelf,Furniture,TimberCraft,Warehouse C,East,2,217.41,75.0,333,434.82,49.46,On Time
ORD-11685,2025-07-23,2025-08-02,Energy Drinks,Grocery,FreshFoods,Warehouse B,West,9,19.75,8.0,8,177.72,10.22,Delayed
ORD-11686,2025-07-24,2025-08-08,Bulk Almonds,Grocery,FreshFoods,Warehouse B,North,10,24.94,12.0,4,249.42,13.95,Critical Delay
ORD-11687,2025-07-24,2025-07-29,Winter Jacket,Clothing,Vogue Apparel,Warehouse A,West,4,98.15,12.0,163,392.6,151.04,On Time
ORD-11688,2025-07-24,2025-07-25,Bookshelf,Furniture,TimberCraft,Warehouse B,North,2,400.69,112.5,229,801.37,104.02,On Time
ORD-11689,2025-07-24,2025-07-28,Organic Coffee,Grocery,FreshFoods,Warehouse B,North,10,13.2,12.0,351,132.02,4.56,On Time
ORD-11690,2025-07-24,2025-08-01,Running Shoes,Clothing,Vogue Apparel,Warehouse B,North,1,66.96,18.0,196,66.96,-10.04,Delayed
ORD-11691,2025-07-25,2025-07-26,Bookshelf,Furniture,TimberCraft,Warehouse B,West,1,122.69,75.0,45,122.69,-12.96,On Time
ORD-11692,2025-07-25,2025-07-27,Laptop Pro,Electronics,TechCorp,Warehouse B,North,2,1115.14,37.5,229,2230.28,761.85,On Time
ORD-11693,2025-07-27,2025-08-12,Running Shoes,Clothing,Vogue Apparel,Warehouse B,South,3,91.93,12.0,348,275.8,104.32,Critical Delay
ORD-11694,2025-07-27,2025-08-01,Ergonomic Desk,Furniture,TimberCraft,Warehouse A,East,2,265.22,75.0,369,530.44,68.59,On Time
ORD-11695,2025-07-27,2025-07-30,Backpack,Accessories,Apex Goods,Warehouse B,South,5,123.44,12.0,123,617.22,271.75,On Time
ORD-11696,2025-07-28,2025-08-02,Winter Jacket,Clothing,Vogue Apparel,Warehouse B,South,5,137.04,12.0,286,685.18,268.07,On Time
ORD-11697,2025-07-28,2025-08-01,Winter Jacket,Clothing,Vogue Apparel,Warehouse C,West,1,117.28,12.0,229,117.28,40.91,On Time
ORD-11698,2025-07-28,2025-08-11,Energy Drinks,Grocery,FreshFoods,Warehouse B,North,13,43.84,12.0,284,569.87,39.59,Critical Delay
ORD-11699,2025-07-30,2025-08-14,Denim Jeans,Clothing,Vogue Apparel,Warehouse B,West,5,140.29,12.0,103,701.47,274.59,Critical Delay
ORD-11700,2025-07-31,2025-08-10,Office Chair,Furniture,TimberCraft,Warehouse B,North,1,165.61,112.5,249,165.61,-23.13,Delayed
ORD-11701,2025-08-01,2025-08-06,Bulk Almonds,Grocery,FreshFoods,Warehouse A,North,7,19.83,12.0,379,138.83,5.11,On Time
ORD-11702,2025-08-01,2025-08-05,Ergonomic Desk,Furniture,TimberCraft,Warehouse A,North,1,332.5,112.5,65,332.5,10.25,On Time
ORD-11703,2025-08-02,2025-08-05,Running Shoes,Clothing,Vogue Apparel,Warehouse B,North,4,126.03,18.0,393,504.12,192.65,On Time
ORD-11704,2025-08-03,2025-08-06,Running Shoes,Clothing,Vogue Apparel,Warehouse C,South,5,25.11,12.0,45,125.56,-18.83,On Time
ORD-11705,2025-08-03,2025-08-04,Smart Watch Band,Accessories,Apex Goods,Warehouse C,South,2,24.01,12.0,114,48.03,15.61,On Time
ORD-11706,2025-08-04,2025-08-06,Laptop Pro,Electronics,TechCorp,Warehouse C,South,2,322.62,25.0,163,645.24,213.33,On Time
ORD-11707,2025-08-04,2025-08-07,Running Shoes,Clothing,Vogue Apparel,Warehouse A,West,4,28.17,12.0,167,112.68,39.07,On Time
ORD-11708,2025-08-04,2025-08-07,Ergonomic Desk,Furniture,TimberCraft,Warehouse B,North,2,330.3,112.5,178,660.59,75.87,On Time
ORD-11709,2025-08-04,2025-08-21,Ergonomic Desk,Furniture,TimberCraft,Warehouse B,East,1,144.62,75.0,128,144.62,-21.69,Critical Delay
ORD-11710,2025-08-05,2025-08-12,Bulk Almonds,Grocery,FreshFoods,Warehouse B,South,14,14.34,8.0,395,200.75,12.06,Delayed
ORD-11711,2025-08-05,2025-08-07,Running Shoes,Clothing,Vogue Apparel,Warehouse A,North,4,99.73,18.0,186,398.91,-59.84,On Time
ORD-11712,2025-08-05,2025-08-21,Bulk Almonds,Grocery,FreshFoods,Warehouse B,South,14,31.07,8.0,316,434.97,30.8,Critical Delay
ORD-11713,2025-08-05,2025-08-07,Backpack,Accessories,Apex Goods,Warehouse C,West,1,103.17,12.0,169,103.17,-15.48,On Time
ORD-11714,2025-08-06,2025-08-09,4K Monitor,Electronics,TechCorp,Warehouse B,East,1,651.15,25.0,363,651.15,215.4,On Time
ORD-11715,2025-08-08,2025-08-09,Backpack,Accessories,Apex Goods,Warehouse B,North,2,143.91,18.0,250,287.83,120.52,On Time
ORD-11716,2025-08-09,2025-08-10,Bulk Almonds,Grocery,FreshFoods,Warehouse A,West,10,30.2,8.0,4,301.98,20.16,On Time
ORD-11717,2025-08-09,2025-08-13,Ergonomic Desk,Furniture,TimberCraft,Warehouse C,West,1,441.01,75.0,126,441.01,50.7,On Time
ORD-11718,2025-08-09,2025-08-10,Energy Drinks,Grocery,FreshFoods,Warehouse A,East,7,12.11,8.0,141,84.78,2.78,On Time
ORD-11719,2025-08-09,2025-08-25,Denim Jeans,Clothing,Vogue Apparel,Warehouse B,East,2,73.96,12.0,36,147.91,53.16,Critical Delay
ORD-11720,2025-08-11,2025-08-16,Winter Jacket,Clothing,Vogue Apparel,Warehouse B,North,3,95.15,18.0,143,285.46,105.18,On Time
ORD-11721,2025-08-12,2025-08-13,Energy Drinks,Grocery,FreshFoods,Warehouse A,East,11,41.19,8.0,59,453.05,32.24,On Time
ORD-11722,2025-08-12,2025-08-13,Winter Jacket,Clothing,Vogue Apparel,Warehouse C,East,2,49.68,12.0,311,99.36,33.74,On Time
ORD-11723,2025-08-12,2025-08-14,4K Monitor,Electronics,TechCorp,Warehouse B,West,3,915.48,25.0,169,2746.43,948.75,On Time
ORD-11724,2025-08-12,2025-08-15,Winter Jacket,Clothing,Vogue Apparel,Warehouse A,West,5,62.34,12.0,96,311.68,-46.75,On Time
ORD-11725,2025-08-13,2025-08-15,Bulk Almonds,Grocery,FreshFoods,Warehouse C,East,13,37.46,8.0,2,486.93,34.95,On Time
ORD-11726,2025-08-13,2025-08-16,Bulk Almonds,Grocery,FreshFoods,Warehouse C,East,6,35.1,8.0,223,210.63,12.85,On Time
ORD-11727,2025-08-13,2025-08-15,Bookshelf,Furniture,TimberCraft,Warehouse C,West,1,425.23,75.0,117,425.23,47.55,On Time
ORD-11728,2025-08-13,2025-08-18,Smartphone X,Electronics,TechCorp,Warehouse C,West,2,283.96,25.0,144,567.91,186.27,On Time
ORD-11729,2025-08-13,2025-08-17,Office Chair,Furniture,TimberCraft,Warehouse C,East,2,296.57,75.0,381,593.13,81.13,On Time
ORD-11730,2025-08-13,2025-08-28,Wireless Earbuds,Electronics,TechCorp,Warehouse B,East,2,883.21,25.0,83,1766.42,605.75,Critical Delay
ORD-11731,2025-08-14,2025-08-19,Wireless Earbuds,Electronics,TechCorp,Warehouse B,North,2,808.57,37.5,245,1617.14,547.25,On Time
ORD-11732,2025-08-14,2025-08-22,Energy Drinks,Grocery,FreshFoods,Warehouse B,East,7,47.07,8.0,371,329.5,22.36,Delayed
ORD-11733,2025-08-14,2025-08-18,Laptop Pro,Electronics,TechCorp,Warehouse C,East,2,1014.42,25.0,117,2028.85,697.6,On Time
ORD-11734,2025-08-14,2025-08-19,Winter Jacket,Clothing,Vogue Apparel,Warehouse A,East,1,61.63,12.0,272,61.63,18.65,On Time
ORD-11735,2025-08-14,2025-08-15,Wireless Earbuds,Electronics,TechCorp,Warehouse B,East,1,1195.05,25.0,66,1195.05,405.77,On Time
ORD-11736,2025-08-15,2025-08-20,Organic Coffee,Grocery,FreshFoods,Warehouse B,North,10,42.26,12.0,9,422.57,27.81,On Time
ORD-11737,2025-08-15,2025-08-16,Denim Jeans,Clothing,Vogue Apparel,Warehouse A,West,5,85.76,12.0,314,428.81,165.52,On Time
ORD-11738,2025-08-15,2025-08-19,Wireless Earbuds,Electronics,TechCorp,Warehouse B,South,2,959.69,25.0,78,1919.39,659.29,On Time
ORD-11739,2025-08-15,2025-08-19,4K Monitor,Electronics,TechCorp,Warehouse C,West,3,330.22,25.0,199,990.67,334.23,On Time
ORD-11740,2025-08-15,2025-08-20,Denim Jeans,Clothing,Vogue Apparel,Warehouse A,South,2,43.24,12.0,321,86.47,28.59,On Time
ORD-11741,2025-08-15,2025-08-19,Organic Coffee,Grocery,FreshFoods,Warehouse C,West,14,27.96,8.0,9,391.44,27.32,On Time
ORD-11742,2025-08-16,2025-08-17,Bookshelf,Furniture,TimberCraft,Warehouse A,South,2,126.67,75.0,335,253.33,13.17,On Time
ORD-11743,2025-08-16,2025-08-21,Smart Watch Band,Accessories,Apex Goods,Warehouse A,South,2,114.03,12.0,135,228.06,96.63,On Time
ORD-11744,2025-08-17,2025-08-22,Organic Coffee,Grocery,FreshFoods,Warehouse A,East,5,10.49,8.0,324,52.44,0.2,On Time
ORD-11745,2025-08-17,2025-08-21,Organic Coffee,Grocery,FreshFoods,Warehouse B,East,14,13.13,8.0,226,183.8,10.7,On Time
ORD-11746,2025-08-18,2025-08-20,Organic Coffee,Grocery,FreshFoods,Warehouse A,West,9,33.83,8.0,214,304.45,20.36,On Time
ORD-11747,2025-08-19,2025-08-28,Smartphone X,Electronics,TechCorp,Warehouse B,West,2,576.49,25.0,35,1152.98,391.04,Delayed
ORD-11748,2025-08-19,2025-08-20,Ergonomic Desk,Furniture,TimberCraft,Warehouse A,South,2,382.49,75.0,262,764.98,115.5,On Time
ORD-11749,2025-08-19,2025-08-22,Organic Coffee,Grocery,FreshFoods,Warehouse B,North,6,22.48,12.0,75,134.9,4.79,On Time
ORD-11750,2025-08-20,2025-08-24,4K Monitor,Electronics,TechCorp,Warehouse C,East,3,468.62,25.0,359,1405.85,479.55,On Time
ORD-11751,2025-08-21,2025-08-26,4K Monitor,Electronics,TechCorp,Warehouse A,South,3,1138.41,25.0,359,3415.22,1182.83,On Time
ORD-11752,2025-08-21,2025-08-23,Running Shoes,Clothing,Vogue Apparel,Warehouse A,South,2,105.07,12.0,271,210.13,78.05,On Time
ORD-11753,2025-08-21,2025-08-22,Energy Drinks,Grocery,FreshFoods,Warehouse B,South,8,43.2,8.0,373,345.62,23.65,On Time
ORD-11754,2025-08-24,2025-08-29,Energy Drinks,Grocery,FreshFoods,Warehouse B,North,6,27.96,12.0,320,167.78,7.42,On Time
ORD-11755,2025-08-25,2025-08-27,Smartphone X,Electronics,TechCorp,Warehouse A,West,3,231.8,25.0,115,695.41,-104.31,On Time
ORD-11756,2025-08-25,2025-08-27,Winter Jacket,Clothing,Vogue Apparel,Warehouse C,South,3,144.5,12.0,189,433.49,167.4,On Time
ORD-11757,2025-08-26,2025-08-30,Bulk Almonds,Grocery,FreshFoods,Warehouse C,South,8,20.69,8.0,220,165.55,9.24,On Time
ORD-11758,2025-08-26,2025-08-28,Bulk Almonds,Grocery,FreshFoods,Warehouse A,South,6,17.78,8.0,87,106.69,4.54,On Time
ORD-11759,2025-08-26,2025-09-06,Smart Watch Band,Accessories,Apex Goods,Warehouse B,North,1,133.14,18.0,202,133.14,50.91,Critical Delay
ORD-11760,2025-08-26,2025-08-31,Organic Coffee,Grocery,FreshFoods,Warehouse C,South,7,44.18,8.0,206,309.26,20.74,On Time
ORD-11761,2025-08-27,2025-08-31,Energy Drinks,Grocery,FreshFoods,Warehouse C,East,11,36.47,8.0,41,401.2,28.1,On Time
ORD-11762,2025-08-28,2025-09-02,Energy Drinks,Grocery,FreshFoods,Warehouse A,South,6,42.08,8.0,8,252.47,16.2,On Time
ORD-11763,2025-08-28,2025-09-13,Running Shoes,Clothing,Vogue Apparel,Warehouse B,North,4,45.58,18.0,140,182.3,63.92,Critical Delay
ORD-11764,2025-08-28,2025-09-11,Laptop Pro,Electronics,TechCorp,Warehouse B,North,3,270.44,37.5,296,811.32,265.21,Critical Delay
ORD-11765,2025-08-29,2025-09-02,Smart Watch Band,Accessories,Apex Goods,Warehouse B,North,1,89.92,18.0,391,89.92,31.46,On Time
ORD-11766,2025-08-29,2025-08-31,Ergonomic Desk,Furniture,TimberCraft,Warehouse C,West,1,270.2,75.0,279,270.2,16.54,On Time
ORD-11767,2025-08-29,2025-08-30,Energy Drinks,Grocery,FreshFoods,Warehouse C,South,5,21.42,8.0,5,107.09,4.57,On Time
ORD-11768,2025-08-30,2025-08-31,Ergonomic Desk,Furniture,TimberCraft,Warehouse A,West,2,171.91,75.0,159,343.83,31.27,On Time
ORD-11769,2025-08-30,2025-09-01,Bulk Almonds,Grocery,FreshFoods,Warehouse A,East,12,19.58,8.0,380,234.94,14.8,On Time
ORD-11770,2025-08-30,2025-09-07,Office Chair,Furniture,TimberCraft,Warehouse B,North,1,133.91,112.5,20,133.91,-29.47,Delayed
ORD-11771,2025-08-31,2025-09-05,Winter Jacket,Clothing,Vogue Apparel,Warehouse B,North,1,83.82,18.0,244,83.82,24.53,On Time
ORD-11772,2025-08-31,2025-09-01,Organic Coffee,Grocery,FreshFoods,Warehouse B,North,14,27.48,12.0,30,384.76,24.78,On Time
ORD-11773,2025-09-01,2025-09-10,Energy Drinks,Grocery,FreshFoods,Warehouse B,West,5,32.17,8.0,112,160.87,8.87,Delayed
ORD-11774,2025-09-01,2025-09-08,Organic Coffee,Grocery,FreshFoods,Warehouse B,West,14,47.8,8.0,368,669.15,49.53,Delayed
ORD-11775,2025-09-02,2025-09-04,Winter Jacket,Clothing,Vogue Apparel,Warehouse C,West,4,108.8,12.0,396,435.19,168.08,On Time
ORD-11776,2025-09-02,2025-09-06,Bulk Almonds,Grocery,FreshFoods,Warehouse A,South,13,15.52,8.0,387,201.78,12.14,On Time
ORD-11777,2025-09-04,2025-09-07,Bulk Almonds,Grocery,FreshFoods,Warehouse C,South,8,43.15,8.0,229,345.18,-51.78,On Time
ORD-11778,2025-09-04,2025-09-08,Bulk Almonds,Grocery,FreshFoods,Warehouse B,South,7,21.63,8.0,176,151.4,8.11,On Time
ORD-11779,2025-09-04,2025-09-09,Denim Jeans,Clothing,Vogue Apparel,Warehouse C,East,4,63.0,12.0,210,251.98,94.79,On Time
ORD-11780,2025-09-06,2025-09-07,Smartphone X,Electronics,TechCorp,Warehouse A,East,1,1188.25,25.0,169,1188.25,403.39,On Time
ORD-11781,2025-09-07,2025-09-11,Office Chair,Furniture,TimberCraft,Warehouse B,North,2,483.42,112.5,307,966.84,137.12,On Time
ORD-11782,2025-09-07,2025-09-19,Bulk Almonds,Grocery,FreshFoods,Warehouse B,North,7,48.11,12.0,59,336.78,20.94,Critical Delay
ORD-11783,2025-09-07,2025-09-09,4K Monitor,Electronics,TechCorp,Warehouse B,East,1,269.65,25.0,166,269.65,81.88,On Time
ORD-11784,2025-09-08,2025-09-11,Backpack,Accessories,Apex Goods,Warehouse B,West,3,146.35,12.0,346,439.05,191.57,On Time
ORD-11785,2025-09-08,2025-09-20,Leather Wallet,Accessories,Apex Goods,Warehouse B,South,2,106.55,12.0,166,213.1,89.89,Critical Delay
ORD-11786,2025-09-08,2025-09-09,Backpack,Accessories,Apex Goods,Warehouse C,East,4,20.16,12.0,155,80.65,30.29,On Time
ORD-11787,2025-09-09,2025-09-14,Leather Wallet,Accessories,Apex Goods,Warehouse B,North,4,26.85,18.0,333,107.39,39.33,On Time
ORD-11788,2025-09-09,2025-09-13,Office Chair,Furniture,TimberCraft,Warehouse A,North,2,326.64,112.5,256,653.28,74.41,On Time
ORD-11789,2025-09-09,2025-09-10,Bulk Almonds,Grocery,FreshFoods,Warehouse A,West,5,34.73,8.0,160,173.64,9.89,On Time
ORD-11790,2025-09-10,2025-09-22,Energy Drinks,Grocery,FreshFoods,Warehouse B,North,8,10.08,12.0,74,80.64,0.45,Critical Delay
ORD-11791,2025-09-10,2025-09-24,Leather Wallet,Accessories,Apex Goods,Warehouse B,East,3,37.74,12.0,213,113.22,44.95,Critical Delay
ORD-11792,2025-09-10,2025-09-13,Organic Coffee,Grocery,FreshFoods,Warehouse C,East,7,40.83,8.0,3,285.82,18.87,On Time
ORD-11793,2025-09-10,2025-09-13,Winter Jacket,Clothing,Vogue Apparel,Warehouse B,South,2,40.1,12.0,113,80.2,26.08,On Time
ORD-11794,2025-09-11,2025-09-14,Denim Jeans,Clothing,Vogue Apparel,Warehouse C,West,2,78.61,12.0,200,157.22,56.89,On Time
ORD-11795,2025-09-11,2025-09-13,Wireless Earbuds,Electronics,TechCorp,Warehouse C,East,3,682.09,25.0,111,2046.28,703.7,On Time
ORD-11796,2025-09-11,2025-09-14,Bookshelf,Furniture,TimberCraft,Warehouse C,West,1,216.94,75.0,366,216.94,5.89,On Time
ORD-11797,2025-09-12,2025-09-25,Energy Drinks,Grocery,FreshFoods,Warehouse B,East,11,13.21,8.0,380,145.3,7.62,Critical Delay
ORD-11798,2025-09-13,2025-09-15,Bookshelf,Furniture,TimberCraft,Warehouse B,South,1,273.36,75.0,241,273.36,17.17,On Time
ORD-11799,2025-09-14,2025-09-19,Smartphone X,Electronics,TechCorp,Warehouse A,South,3,809.17,25.0,228,2427.52,837.13,On Time
ORD-11800,2025-09-14,2025-09-17,Office Chair,Furniture,TimberCraft,Warehouse C,South,2,135.94,75.0,126,271.89,16.88,On Time
ORD-11801,2025-09-14,2025-09-16,Organic Coffee,Grocery,FreshFoods,Warehouse B,South,9,25.8,8.0,26,232.22,14.58,On Time
ORD-11802,2025-09-15,2025-09-17,Energy Drinks,Grocery,FreshFoods,Warehouse C,South,14,37.94,8.0,88,531.17,-79.68,On Time
ORD-11803,2025-09-15,2025-09-19,Winter Jacket,Clothing,Vogue Apparel,Warehouse B,West,3,55.05,12.0,157,165.16,60.06,On Time
ORD-11804,2025-09-15,2025-09-16,Wireless Earbuds,Electronics,TechCorp,Warehouse C,West,1,949.33,25.0,381,949.33,319.77,On Time
ORD-11805,2025-09-16,2025-09-17,Wireless Earbuds,Electronics,TechCorp,Warehouse C,East,1,992.35,25.0,344,992.35,334.82,On Time
ORD-11806,2025-09-16,2025-09-19,Running Shoes,Clothing,Vogue Apparel,Warehouse A,East,4,34.9,12.0,71,139.62,49.85,On Time
ORD-11807,2025-09-16,2025-09-27,Ergonomic Desk,Furniture,TimberCraft,Warehouse B,South,2,191.12,75.0,280,382.25,38.95,Critical Delay
ORD-11808,2025-09-18,2025-09-22,Wireless Earbuds,Electronics,TechCorp,Warehouse A,East,2,361.8,25.0,212,723.59,240.76,On Time
ORD-11809,2025-09-18,2025-09-23,Office Chair,Furniture,TimberCraft,Warehouse C,West,2,207.47,75.0,297,414.93,45.49,On Time
ORD-11810,2025-09-19,2025-09-24,Backpack,Accessories,Apex Goods,Warehouse B,North,1,26.88,18.0,346,26.88,3.1,On Time
ORD-11811,2025-09-19,2025-09-20,Energy Drinks,Grocery,FreshFoods,Warehouse A,South,6,23.32,8.0,387,139.94,7.2,On Time
ORD-11812,2025-09-19,2025-09-21,Ergonomic Desk,Furniture,TimberCraft,Warehouse B,East,2,490.66,75.0,70,981.33,158.77,On Time
ORD-11813,2025-09-19,2025-09-23,Ergonomic Desk,Furniture,TimberCraft,Warehouse B,South,1,251.55,75.0,188,251.55,12.81,On Time
ORD-11814,2025-09-19,2025-09-23,Running Shoes,Clothing,Vogue Apparel,Warehouse A,South,2,103.8,12.0,37,207.59,77.04,On Time
ORD-11815,2025-09-20,2025-09-23,Backpack,Accessories,Apex Goods,Warehouse C,South,1,39.19,12.0,117,39.19,11.64,On Time
ORD-11816,2025-09-20,2025-09-23,Backpack,Accessories,Apex Goods,Warehouse C,West,3,24.32,12.0,115,72.95,26.83,On Time
ORD-11817,2025-09-20,2025-09-21,Bulk Almonds,Grocery,FreshFoods,Warehouse A,West,11,29.18,8.0,3,321.0,21.68,On Time
ORD-11818,2025-09-21,2025-10-07,4K Monitor,Electronics,TechCorp,Warehouse B,North,3,298.87,37.5,360,896.61,295.06,Critical Delay
ORD-11819,2025-09-21,2025-09-30,Smartphone X,Electronics,TechCorp,Warehouse B,North,3,334.83,37.5,350,1004.5,332.82,Delayed
ORD-11820,2025-09-21,2025-10-02,Backpack,Accessories,Apex Goods,Warehouse B,North,3,135.13,18.0,347,405.38,173.42,Critical Delay
ORD-11821,2025-09-22,2025-09-23,Denim Jeans,Clothing,Vogue Apparel,Warehouse B,North,4,135.99,18.0,69,543.96,208.58,On Time
ORD-11822,2025-09-23,2025-09-27,Ergonomic Desk,Furniture,TimberCraft,Warehouse A,South,2,135.45,75.0,291,270.91,16.68,On Time
ORD-11823,2025-09-23,2025-10-01,4K Monitor,Electronics,TechCorp,Warehouse B,North,3,787.0,37.5,177,2361.01,807.6,Delayed
ORD-11824,2025-09-23,2025-09-24,Energy Drinks,Grocery,FreshFoods,Warehouse A,West,14,33.76,8.0,27,472.57,33.81,On Time
ORD-11825,2025-09-24,2025-09-27,Smartphone X,Electronics,TechCorp,Warehouse A,West,2,462.32,25.0,280,924.63,311.12,On Time
ORD-11826,2025-09-25,2025-09-27,Running Shoes,Clothing,Vogue Apparel,Warehouse B,West,2,92.96,12.0,103,185.91,68.36,On Time
ORD-11827,2025-09-25,2025-09-26,Energy Drinks,Grocery,FreshFoods,Warehouse B,North,6,45.36,12.0,79,272.14,15.77,On Time
ORD-11828,2025-09-27,2025-10-02,Energy Drinks,Grocery,FreshFoods,Warehouse C,South,13,44.0,8.0,79,572.04,41.76,On Time
ORD-11829,2025-09-29,2025-10-02,Wireless Earbuds,Electronics,TechCorp,Warehouse A,East,1,913.94,25.0,116,913.94,307.38,On Time
ORD-11830,2025-09-29,2025-10-13,Denim Jeans,Clothing,Vogue Apparel,Warehouse B,South,5,71.14,12.0,286,355.72,136.29,Critical Delay
ORD-11831,2025-09-30,2025-10-04,Organic Coffee,Grocery,FreshFoods,Warehouse A,West,12,44.38,8.0,7,532.59,38.61,On Time
ORD-11832,2025-09-30,2025-10-03,Smart Watch Band,Accessories,Apex Goods,Warehouse B,East,1,136.67,12.0,135,136.67,55.5,On Time
ORD-11833,2025-10-01,2025-10-11,Organic Coffee,Grocery,FreshFoods,Warehouse B,North,12,39.24,12.0,232,470.9,31.67,Delayed
ORD-11834,2025-10-01,2025-10-06,Wireless Earbuds,Electronics,TechCorp,Warehouse A,West,1,1071.99,25.0,92,1071.99,362.7,On Time
ORD-11835,2025-10-02,2025-10-10,Organic Coffee,Grocery,FreshFoods,Warehouse B,East,10,43.54,8.0,7,435.36,30.83,Delayed
ORD-11836,2025-10-03,2025-10-04,Laptop Pro,Electronics,TechCorp,Warehouse A,South,3,675.15,25.0,302,2025.44,696.4,On Time
ORD-11837,2025-10-03,2025-10-06,Office Chair,Furniture,TimberCraft,Warehouse A,East,1,386.07,75.0,121,386.07,39.71,On Time
ORD-11838,2025-10-04,2025-10-07,Backpack,Accessories,Apex Goods,Warehouse B,North,5,141.19,18.0,58,705.97,308.69,On Time
ORD-11839,2025-10-04,2025-10-06,Organic Coffee,Grocery,FreshFoods,Warehouse B,East,10,16.76,8.0,234,167.6,9.41,On Time
ORD-11840,2025-10-04,2025-10-09,4K Monitor,Electronics,TechCorp,Warehouse A,North,3,478.73,37.5,320,1436.18,483.91,On Time
ORD-11841,2025-10-05,2025-10-06,Smart Watch Band,Accessories,Apex Goods,Warehouse C,West,3,65.19,12.0,131,195.56,82.0,On Time
ORD-11842,2025-10-05,2025-10-07,Running Shoes,Clothing,Vogue Apparel,Warehouse A,West,4,148.52,12.0,357,594.09,231.64,On Time
ORD-11843,2025-10-05,2025-10-06,Winter Jacket,Clothing,Vogue Apparel,Warehouse C,South,1,148.75,12.0,231,148.75,53.5,On Time
ORD-11844,2025-10-05,2025-10-09,Running Shoes,Clothing,Vogue Apparel,Warehouse A,South,5,112.46,12.0,99,562.3,218.92,On Time
ORD-11845,2025-10-05,2025-10-10,Running Shoes,Clothing,Vogue Apparel,Warehouse B,West,3,83.15,12.0,94,249.44,93.78,On Time
ORD-11846,2025-10-06,2025-10-08,Laptop Pro,Electronics,TechCorp,Warehouse C,East,1,902.55,25.0,236,902.55,303.39,On Time
ORD-11847,2025-10-06,2025-10-10,Backpack,Accessories,Apex Goods,Warehouse B,South,3,149.83,12.0,251,449.5,196.28,On Time
ORD-11848,2025-10-07,2025-10-12,4K Monitor,Electronics,TechCorp,Warehouse A,South,3,541.98,25.0,20,1625.94,556.58,On Time
ORD-11849,2025-10-08,2025-10-23,Laptop Pro,Electronics,TechCorp,Warehouse B,North,2,1038.19,37.5,215,2076.38,707.98,Critical Delay
ORD-11850,2025-10-09,2025-10-14,Leather Wallet,Accessories,Apex Goods,Warehouse B,North,2,123.06,18.0,338,246.13,101.76,On Time
ORD-11851,2025-10-09,2025-10-11,Laptop Pro,Electronics,TechCorp,Warehouse B,North,1,358.7,37.5,86,358.7,106.79,On Time
ORD-11852,2025-10-09,2025-10-21,Bulk Almonds,Grocery,FreshFoods,Warehouse B,South,8,23.34,8.0,5,186.75,10.94,Critical Delay
ORD-11853,2025-10-10,2025-10-20,Leather Wallet,Accessories,Apex Goods,Warehouse B,North,5,94.71,18.0,284,473.56,204.1,Delayed
ORD-11854,2025-10-10,2025-10-15,Energy Drinks,Grocery,FreshFoods,Warehouse B,West,8,29.7,8.0,302,237.57,15.01,On Time
ORD-11855,2025-10-10,2025-10-15,Organic Coffee,Grocery,FreshFoods,Warehouse B,North,12,32.23,12.0,1,386.78,24.94,On Time
ORD-11856,2025-10-10,2025-10-23,4K Monitor,Electronics,TechCorp,Warehouse B,East,1,217.62,25.0,95,217.62,63.67,Critical Delay
ORD-11857,2025-10-11,2025-10-13,4K Monitor,Electronics,TechCorp,Warehouse B,West,1,225.04,25.0,222,225.04,66.26,On Time
ORD-11858,2025-10-11,2025-10-23,Backpack,Accessories,Apex Goods,Warehouse B,North,2,105.17,18.0,221,210.35,85.66,Critical Delay
ORD-11859,2025-10-11,2025-10-15,Leather Wallet,Accessories,Apex Goods,Warehouse B,North,5,73.07,18.0,79,365.36,155.41,On Time
ORD-11860,2025-10-12,2025-10-13,Bookshelf,Furniture,TimberCraft,Warehouse B,South,1,145.87,75.0,55,145.87,-8.33,On Time
ORD-11861,2025-10-12,2025-10-15,Bookshelf,Furniture,TimberCraft,Warehouse C,South,1,282.52,75.0,371,282.52,19.0,On Time
ORD-11862,2025-10-13,2025-10-16,4K Monitor,Electronics,TechCorp,Warehouse B,North,2,406.02,37.5,277,812.04,265.46,On Time
ORD-11863,2025-10-13,2025-10-15,Ergonomic Desk,Furniture,TimberCraft,Warehouse A,South,1,436.91,75.0,105,436.91,49.88,On Time
ORD-11864,2025-10-13,2025-10-22,Backpack,Accessories,Apex Goods,Warehouse B,North,4,111.06,18.0,298,444.25,190.91,Delayed
ORD-11865,2025-10-13,2025-10-15,Organic Coffee,Grocery,FreshFoods,Warehouse A,West,14,35.59,8.0,8,498.23,35.86,On Time
ORD-11866,2025-10-14,2025-10-17,Smart Watch Band,Accessories,Apex Goods,Warehouse B,North,5,45.03,18.0,248,225.14,92.31,On Time
ORD-11867,2025-10-16,2025-10-20,Bookshelf,Furniture,TimberCraft,Warehouse C,West,1,361.94,75.0,303,361.94,34.89,On Time
ORD-11868,2025-10-16,2025-10-18,Energy Drinks,Grocery,FreshFoods,Warehouse B,North,11,20.27,12.0,176,223.0,11.84,On Time
ORD-11869,2025-10-16,2025-10-17,Backpack,Accessories,Apex Goods,Warehouse A,East,2,134.67,12.0,160,269.35,115.21,On Time
ORD-11870,2025-10-17,2025-10-31,Winter Jacket,Clothing,Vogue Apparel,Warehouse B,East,5,41.92,12.0,298,209.59,77.84,Critical Delay
ORD-11871,2025-10-17,2025-10-20,Bookshelf,Furniture,TimberCraft,Warehouse C,West,1,476.38,75.0,374,476.38,57.78,On Time
ORD-11872,2025-10-17,2025-10-25,Bookshelf,Furniture,TimberCraft,Warehouse B,North,1,258.21,112.5,155,258.21,-4.61,Delayed
ORD-11873,2025-10-18,2025-10-23,Smartphone X,Electronics,TechCorp,Warehouse A,West,3,856.47,25.0,241,2569.41,886.79,On Time
ORD-11874,2025-10-18,2025-10-19,Laptop Pro,Electronics,TechCorp,Warehouse B,East,3,298.02,25.0,257,894.05,300.42,On Time
ORD-11875,2025-10-18,2025-10-19,Leather Wallet,Accessories,Apex Goods,Warehouse A,North,2,89.09,18.0,279,178.18,71.18,On Time
ORD-11876,2025-10-19,2025-10-20,Organic Coffee,Grocery,FreshFoods,Warehouse A,North,11,13.06,12.0,319,143.71,-21.56,On Time
ORD-11877,2025-10-21,2025-10-30,Bookshelf,Furniture,TimberCraft,Warehouse B,South,2,436.97,75.0,111,873.94,137.29,Delayed
ORD-11878,2025-10-21,2025-10-29,Organic Coffee,Grocery,FreshFoods,Warehouse B,North,11,28.08,12.0,8,308.91,18.71,Delayed
ORD-11879,2025-10-21,2025-10-24,Smartphone X,Electronics,TechCorp,Warehouse A,East,2,938.55,25.0,307,1877.1,644.48,On Time
ORD-11880,2025-10-21,2025-10-25,Ergonomic Desk,Furniture,TimberCraft,Warehouse B,North,1,448.37,112.5,117,448.37,33.42,On Time
ORD-11881,2025-10-22,2025-10-26,Backpack,Accessories,Apex Goods,Warehouse B,North,5,97.33,18.0,140,486.67,-73.0,On Time
ORD-11882,2025-10-23,2025-10-26,Office Chair,Furniture,TimberCraft,Warehouse A,North,2,259.36,112.5,193,518.72,47.49,On Time
ORD-11883,2025-10-23,2025-11-06,Winter Jacket,Clothing,Vogue Apparel,Warehouse B,North,1,88.35,18.0,286,88.35,26.34,Critical Delay
ORD-11884,2025-10-25,2025-10-28,Ergonomic Desk,Furniture,TimberCraft,Warehouse A,East,1,376.39,75.0,365,376.39,37.78,On Time
ORD-11885,2025-10-25,2025-10-27,Bulk Almonds,Grocery,FreshFoods,Warehouse A,South,8,20.12,8.0,240,160.99,8.88,On Time
ORD-11886,2025-10-25,2025-10-28,Smartphone X,Electronics,TechCorp,Warehouse B,East,1,1156.59,25.0,379,1156.59,392.31,On Time
ORD-11887,2025-10-27,2025-10-31,Laptop Pro,Electronics,TechCorp,Warehouse A,North,2,772.55,37.5,74,1545.11,522.04,On Time
ORD-11888,2025-10-27,2025-10-29,Organic Coffee,Grocery,FreshFoods,Warehouse A,West,9,37.38,8.0,182,336.38,22.91,On Time
ORD-11889,2025-10-27,2025-11-01,Backpack,Accessories,Apex Goods,Warehouse A,East,3,123.22,12.0,212,369.66,160.35,On Time
ORD-11890,2025-10-28,2025-10-30,Bulk Almonds,Grocery,FreshFoods,Warehouse C,South,12,46.03,8.0,184,552.38,40.19,On Time
ORD-11891,2025-10-28,2025-11-01,Laptop Pro,Electronics,TechCorp,Warehouse B,East,3,667.78,25.0,143,2003.33,688.67,On Time
ORD-11892,2025-10-28,2025-11-12,Leather Wallet,Accessories,Apex Goods,Warehouse B,North,5,34.44,18.0,75,172.18,68.48,Critical Delay
ORD-11893,2025-10-28,2025-10-30,Winter Jacket,Clothing,Vogue Apparel,Warehouse A,North,5,60.82,18.0,326,304.11,112.64,On Time
ORD-11894,2025-10-29,2025-10-30,Smartphone X,Electronics,TechCorp,Warehouse B,North,1,522.47,37.5,173,522.47,164.11,On Time
ORD-11895,2025-10-30,2025-11-13,Wireless Earbuds,Electronics,TechCorp,Warehouse B,North,3,660.7,37.5,281,1982.1,674.98,Critical Delay
ORD-11896,2025-10-30,2025-11-01,Smart Watch Band,Accessories,Apex Goods,Warehouse B,East,4,67.51,12.0,26,270.02,115.51,On Time
ORD-11897,2025-11-01,2025-11-03,Energy Drinks,Grocery,FreshFoods,Warehouse A,East,5,39.24,8.0,8,196.22,11.7,On Time
ORD-11898,2025-11-01,2025-11-16,Wireless Earbuds,Electronics,TechCorp,Warehouse B,West,2,294.98,25.0,343,589.96,193.99,Critical Delay
ORD-11899,2025-11-01,2025-11-06,Bulk Almonds,Grocery,FreshFoods,Warehouse B,South,12,36.4,8.0,267,436.86,30.95,On Time
ORD-11900,2025-11-01,2025-11-05,Bulk Almonds,Grocery,FreshFoods,Warehouse B,North,11,36.83,12.0,116,405.18,26.41,On Time
ORD-11901,2025-11-01,2025-11-05,Ergonomic Desk,Furniture,TimberCraft,Warehouse A,East,2,273.11,75.0,233,546.22,71.74,On Time
ORD-11902,2025-11-02,2025-11-09,Backpack,Accessories,Apex Goods,Warehouse B,North,1,30.01,18.0,329,30.01,4.5,Delayed
ORD-11903,2025-11-04,2025-11-09,Leather Wallet,Accessories,Apex Goods,Warehouse A,East,4,43.07,12.0,58,172.27,71.52,On Time
ORD-11904,2025-11-04,2025-11-05,Ergonomic Desk,Furniture,TimberCraft,Warehouse A,East,2,196.13,75.0,48,392.26,40.95,On Time
ORD-11905,2025-11-04,2025-11-07,Running Shoes,Clothing,Vogue Apparel,Warehouse A,North,4,135.78,18.0,120,543.13,208.25,On Time
ORD-11906,2025-11-05,2025-11-07,Smartphone X,Electronics,TechCorp,Warehouse B,North,1,394.32,37.5,268,394.32,119.26,On Time
ORD-11907,2025-11-05,2025-11-06,Energy Drinks,Grocery,FreshFoods,Warehouse B,North,10,34.54,12.0,126,345.43,-51.81,On Time
ORD-11908,2025-11-06,2025-11-18,Bookshelf,Furniture,TimberCraft,Warehouse B,North,2,294.51,112.5,76,589.03,61.56,Critical Delay
ORD-11909,2025-11-06,2025-11-10,Smart Watch Band,Accessories,Apex Goods,Warehouse B,North,4,113.18,18.0,181,452.71,194.72,On Time
ORD-11910,2025-11-06,2025-11-23,Running Shoes,Clothing,Vogue Apparel,Warehouse B,North,2,57.77,18.0,330,115.53,37.21,Critical Delay
ORD-11911,2025-11-06,2025-11-10,4K Monitor,Electronics,TechCorp,Warehouse B,North,3,477.29,37.5,173,1431.88,482.41,On Time
ORD-11912,2025-11-06,2025-11-10,Organic Coffee,Grocery,FreshFoods,Warehouse A,East,9,27.0,8.0,339,243.04,15.44,On Time
ORD-11913,2025-11-08,2025-11-17,Leather Wallet,Accessories,Apex Goods,Warehouse B,West,5,42.41,12.0,342,212.06,89.43,Delayed
ORD-11914,2025-11-08,2025-11-09,4K Monitor,Electronics,TechCorp,Warehouse B,North,1,1150.64,37.5,85,1150.64,383.97,On Time
ORD-11915,2025-11-09,2025-11-14,4K Monitor,Electronics,TechCorp,Warehouse B,West,1,331.59,25.0,332,331.59,103.56,On Time
ORD-11916,2025-11-09,2025-11-13,4K Monitor,Electronics,TechCorp,Warehouse C,East,1,829.91,25.0,169,829.91,277.97,On Time
ORD-11917,2025-11-10,2025-11-14,4K Monitor,Electronics,TechCorp,Warehouse A,West,2,854.58,25.0,233,1709.15,585.7,On Time
ORD-11918,2025-11-11,2025-11-15,Bookshelf,Furniture,TimberCraft,Warehouse A,South,2,287.21,75.0,244,574.43,77.39,On Time
ORD-11919,2025-11-11,2025-11-12,Bulk Almonds,Grocery,FreshFoods,Warehouse C,East,7,41.9,8.0,304,293.3,19.46,On Time
ORD-11920,2025-11-12,2025-11-13,Organic Coffee,Grocery,FreshFoods,Warehouse B,West,7,36.31,8.0,46,254.2,16.34,On Time
ORD-11921,2025-11-12,2025-11-27,Bulk Almonds,Grocery,FreshFoods,Warehouse B,North,12,40.03,12.0,284,480.4,32.43,Critical Delay
ORD-11922,2025-11-14,2025-11-17,Energy Drinks,Grocery,FreshFoods,Warehouse A,East,7,20.25,8.0,89,141.75,7.34,On Time
ORD-11923,2025-11-14,2025-11-15,Bulk Almonds,Grocery,FreshFoods,Warehouse B,North,5,23.45,12.0,36,117.27,-17.59,On Time
ORD-11924,2025-11-15,2025-11-19,4K Monitor,Electronics,TechCorp,Warehouse B,North,1,533.95,37.5,132,533.95,168.13,On Time
ORD-11925,2025-11-15,2025-11-20,4K Monitor,Electronics,TechCorp,Warehouse C,South,3,1131.31,25.0,158,3393.92,1175.37,On Time
ORD-11926,2025-11-15,2025-11-28,Wireless Earbuds,Electronics,TechCorp,Warehouse B,South,2,859.06,25.0,375,1718.12,588.84,Critical Delay
ORD-11927,2025-11-16,2025-11-20,Bulk Almonds,Grocery,FreshFoods,Warehouse A,North,5,34.13,12.0,373,170.66,7.65,On Time
ORD-11928,2025-11-17,2025-11-21,Denim Jeans,Clothing,Vogue Apparel,Warehouse C,West,3,93.31,12.0,190,279.94,105.98,On Time
ORD-11929,2025-11-17,2025-11-18,Smartphone X,Electronics,TechCorp,Warehouse B,West,1,283.63,25.0,115,283.63,86.77,On Time
ORD-11930,2025-11-18,2025-11-27,Smartphone X,Electronics,TechCorp,Warehouse B,West,1,1162.79,25.0,384,1162.79,394.48,Delayed
ORD-11931,2025-11-20,2025-11-24,Winter Jacket,Clothing,Vogue Apparel,Warehouse A,South,4,63.8,12.0,394,255.2,96.08,On Time
ORD-11932,2025-11-22,2025-11-23,Energy Drinks,Grocery,FreshFoods,Warehouse C,East,5,13.39,8.0,105,66.95,1.36,On Time
ORD-11933,2025-11-22,2025-12-04,Smart Watch Band,Accessories,Apex Goods,Warehouse B,North,5,137.05,18.0,111,685.27,299.37,Critical Delay
ORD-11934,2025-11-22,2025-11-27,Running Shoes,Clothing,Vogue Apparel,Warehouse B,East,3,30.33,12.0,294,90.99,30.4,On Time
ORD-11935,2025-11-24,2025-11-26,Winter Jacket,Clothing,Vogue Apparel,Warehouse B,North,5,37.6,18.0,360,188.0,66.2,On Time
ORD-11936,2025-11-25,2025-11-26,Bookshelf,Furniture,TimberCraft,Warehouse B,North,1,340.29,112.5,282,340.29,11.81,On Time
ORD-11937,2025-11-26,2025-11-30,Bookshelf,Furniture,TimberCraft,Warehouse A,East,1,381.1,75.0,296,381.1,38.72,On Time
ORD-11938,2025-11-26,2025-11-28,Winter Jacket,Clothing,Vogue Apparel,Warehouse B,South,4,59.75,12.0,307,238.98,89.59,On Time
ORD-11939,2025-11-28,2025-12-01,Organic Coffee,Grocery,FreshFoods,Warehouse C,South,6,49.58,8.0,90,297.5,19.8,On Time
ORD-11940,2025-11-28,2025-12-03,Energy Drinks,Grocery,FreshFoods,Warehouse A,East,8,40.79,8.0,3,326.35,22.11,On Time
ORD-11941,2025-11-28,2025-12-13,Denim Jeans,Clothing,Vogue Apparel,Warehouse B,West,4,124.71,12.0,233,498.85,193.54,Critical Delay
ORD-11942,2025-11-28,2025-11-29,Energy Drinks,Grocery,FreshFoods,Warehouse B,West,13,48.22,8.0,125,626.85,46.15,On Time
ORD-11943,2025-11-28,2025-12-01,Energy Drinks,Grocery,FreshFoods,Warehouse B,North,9,26.18,12.0,351,235.63,12.85,On Time
ORD-11944,2025-11-28,2025-11-29,Office Chair,Furniture,TimberCraft,Warehouse C,East,2,193.63,75.0,207,387.26,39.95,On Time
ORD-11945,2025-11-28,2025-12-01,Leather Wallet,Accessories,Apex Goods,Warehouse B,East,3,26.52,12.0,22,79.57,29.81,On Time
ORD-11946,2025-11-28,2025-12-02,Denim Jeans,Clothing,Vogue Apparel,Warehouse A,North,5,141.46,18.0,390,707.31,273.92,On Time
ORD-11947,2025-11-29,2025-12-02,Ergonomic Desk,Furniture,TimberCraft,Warehouse A,North,1,244.19,112.5,250,244.19,-7.41,On Time
ORD-11948,2025-11-29,2025-11-30,Laptop Pro,Electronics,TechCorp,Warehouse B,North,1,230.98,37.5,278,230.98,62.09,On Time
ORD-11949,2025-11-29,2025-12-03,Bulk Almonds,Grocery,FreshFoods,Warehouse C,East,8,21.82,8.0,389,174.55,9.96,On Time
ORD-11950,2025-11-30,2025-12-03,Ergonomic Desk,Furniture,TimberCraft,Warehouse C,South,2,163.04,75.0,218,326.07,27.71,On Time
ORD-11951,2025-12-01,2025-12-12,Office Chair,Furniture,TimberCraft,Warehouse B,North,1,379.66,112.5,213,379.66,19.68,Critical Delay
ORD-11952,2025-12-01,2025-12-06,Winter Jacket,Clothing,Vogue Apparel,Warehouse B,North,3,88.99,18.0,130,266.97,97.79,On Time
ORD-11953,2025-12-02,2025-12-05,Energy Drinks,Grocery,FreshFoods,Warehouse C,East,6,25.08,8.0,369,150.51,8.04,On Time
ORD-11954,2025-12-03,2025-12-05,Winter Jacket,Clothing,Vogue Apparel,Warehouse C,West,2,34.38,12.0,396,68.76,21.5,On Time
ORD-11955,2025-12-03,2025-12-20,Ergonomic Desk,Furniture,TimberCraft,Warehouse B,East,2,430.87,75.0,349,861.74,134.85,Critical Delay
ORD-11956,2025-12-05,2025-12-10,Ergonomic Desk,Furniture,TimberCraft,Warehouse B,West,2,247.21,75.0,340,494.42,61.38,On Time
ORD-11957,2025-12-05,2025-12-20,Energy Drinks,Grocery,FreshFoods,Warehouse B,East,7,43.57,8.0,9,304.97,20.4,Critical Delay
ORD-11958,2025-12-05,2025-12-09,Laptop Pro,Electronics,TechCorp,Warehouse B,South,2,363.64,25.0,53,727.27,242.04,On Time
ORD-11959,2025-12-05,2025-12-10,Ergonomic Desk,Furniture,TimberCraft,Warehouse C,East,1,405.11,75.0,320,405.11,43.52,On Time
ORD-11960,2025-12-06,2025-12-10,4K Monitor,Electronics,TechCorp,Warehouse C,East,1,291.55,25.0,231,291.55,89.54,On Time
ORD-11961,2025-12-06,2025-12-07,Smartphone X,Electronics,TechCorp,Warehouse C,South,3,750.5,25.0,256,2251.51,-337.73,On Time
ORD-11962,2025-12-07,2025-12-11,Bookshelf,Furniture,TimberCraft,Warehouse B,North,1,397.33,112.5,305,397.33,23.22,On Time
ORD-11963,2025-12-08,2025-12-11,Smartphone X,Electronics,TechCorp,Warehouse C,South,1,1016.68,25.0,116,1016.68,343.34,On Time
ORD-11964,2025-12-08,2025-12-13,Organic Coffee,Grocery,FreshFoods,Warehouse A,West,9,38.53,8.0,200,346.78,23.74,On Time
ORD-11965,2025-12-08,2025-12-13,Leather Wallet,Accessories,Apex Goods,Warehouse C,East,3,124.85,12.0,153,374.55,162.55,On Time
ORD-11966,2025-12-10,2025-12-11,Wireless Earbuds,Electronics,TechCorp,Warehouse B,East,2,202.79,25.0,71,405.59,129.46,On Time
ORD-11967,2025-12-10,2025-12-25,Smart Watch Band,Accessories,Apex Goods,Warehouse B,South,2,121.05,12.0,100,242.1,102.94,Critical Delay
ORD-11968,2025-12-12,2025-12-22,Backpack,Accessories,Apex Goods,Warehouse B,North,2,80.52,18.0,148,161.03,63.46,Delayed
ORD-11969,2025-12-12,2025-12-19,4K Monitor,Electronics,TechCorp,Warehouse B,West,3,475.08,25.0,211,1425.23,486.33,Delayed
ORD-11970,2025-12-12,2025-12-15,Ergonomic Desk,Furniture,TimberCraft,Warehouse A,North,1,350.36,112.5,164,350.36,13.82,On Time
ORD-11971,2025-12-12,2025-12-17,Bookshelf,Furniture,TimberCraft,Warehouse A,East,1,224.87,75.0,174,224.87,7.47,On Time
ORD-11972,2025-12-12,2025-12-13,Organic Coffee,Grocery,FreshFoods,Warehouse C,West,13,17.7,8.0,7,230.09,-34.51,On Time
ORD-11973,2025-12-13,2025-12-15,Smartphone X,Electronics,TechCorp,Warehouse B,North,1,977.23,37.5,113,977.23,323.28,On Time
ORD-11974,2025-12-13,2025-12-15,Smartphone X,Electronics,TechCorp,Warehouse B,North,3,1178.0,37.5,301,3534.0,1218.15,On Time
ORD-11975,2025-12-13,2025-12-16,Organic Coffee,Grocery,FreshFoods,Warehouse C,South,9,11.52,8.0,145,103.67,4.29,On Time
ORD-11976,2025-12-15,2025-12-25,Running Shoes,Clothing,Vogue Apparel,Warehouse B,South,1,53.47,12.0,259,53.47,15.39,Delayed
ORD-11977,2025-12-15,2025-12-16,Backpack,Accessories,Apex Goods,Warehouse A,East,2,111.72,12.0,381,223.45,94.55,On Time
ORD-11978,2025-12-17,2025-12-18,Winter Jacket,Clothing,Vogue Apparel,Warehouse B,North,4,134.41,18.0,147,537.64,206.06,On Time
ORD-11979,2025-12-17,2025-12-26,4K Monitor,Electronics,TechCorp,Warehouse B,North,1,1153.9,37.5,46,1153.9,385.12,Delayed
ORD-11980,2025-12-17,2025-12-22,Denim Jeans,Clothing,Vogue Apparel,Warehouse C,West,2,107.77,12.0,369,215.54,80.22,On Time
ORD-11981,2025-12-18,2025-12-20,Organic Coffee,Grocery,FreshFoods,Warehouse A,North,6,20.99,12.0,171,125.94,4.08,On Time
ORD-11982,2025-12-18,2025-12-19,Smartphone X,Electronics,TechCorp,Warehouse A,East,2,637.47,25.0,386,1274.95,433.73,On Time
ORD-11983,2025-12-18,2025-12-23,Energy Drinks,Grocery,FreshFoods,Warehouse A,South,6,16.47,8.0,190,98.8,3.9,On Time
ORD-11984,2025-12-19,2025-12-31,Office Chair,Furniture,TimberCraft,Warehouse B,West,2,201.5,75.0,41,403.0,43.1,Critical Delay
ORD-11985,2025-12-19,2025-12-23,Running Shoes,Clothing,Vogue Apparel,Warehouse A,South,4,106.74,12.0,250,426.98,164.79,On Time
ORD-11986,2025-12-19,2025-12-23,Winter Jacket,Clothing,Vogue Apparel,Warehouse A,East,2,34.5,12.0,210,68.99,21.6,On Time
ORD-11987,2025-12-21,2025-12-23,Bulk Almonds,Grocery,FreshFoods,Warehouse B,North,10,32.55,12.0,262,325.48,20.04,On Time
ORD-11988,2025-12-22,2026-01-04,4K Monitor,Electronics,TechCorp,Warehouse B,South,2,507.86,25.0,238,1015.73,343.01,Critical Delay
ORD-11989,2025-12-22,2025-12-27,Denim Jeans,Clothing,Vogue Apparel,Warehouse B,East,5,126.2,12.0,203,630.99,246.4,On Time
ORD-11990,2025-12-22,2025-12-23,Bulk Almonds,Grocery,FreshFoods,Warehouse B,North,7,40.51,12.0,257,283.54,-42.53,On Time
ORD-11991,2025-12-23,2025-12-25,Laptop Pro,Electronics,TechCorp,Warehouse C,South,3,256.84,25.0,106,770.52,257.18,On Time
ORD-11992,2025-12-24,2025-12-26,Smart Watch Band,Accessories,Apex Goods,Warehouse A,North,2,82.99,18.0,109,165.98,65.69,On Time
ORD-11993,2025-12-24,2025-12-28,Smart Watch Band,Accessories,Apex Goods,Warehouse A,North,5,119.6,18.0,62,598.01,-89.7,On Time
ORD-11994,2025-12-26,2025-12-29,Denim Jeans,Clothing,Vogue Apparel,Warehouse C,South,3,30.47,12.0,115,91.4,30.56,On Time
ORD-11995,2025-12-28,2026-01-02,Denim Jeans,Clothing,Vogue Apparel,Warehouse C,East,5,61.75,12.0,188,308.74,117.5,On Time
ORD-11996,2025-12-28,2025-12-30,Smart Watch Band,Accessories,Apex Goods,Warehouse B,North,2,70.65,18.0,184,141.29,-21.19,On Time
ORD-11997,2025-12-28,2025-12-29,Organic Coffee,Grocery,FreshFoods,Warehouse C,West,12,25.47,8.0,192,305.61,20.45,On Time
ORD-11998,2025-12-29,2025-12-31,Leather Wallet,Accessories,Apex Goods,Warehouse A,North,3,62.48,18.0,356,187.45,75.35,On Time
ORD-11999,2025-12-29,2025-12-30,Bulk Almonds,Grocery,FreshFoods,Warehouse A,North,6,34.31,12.0,151,205.89,10.47,On Time
